clean_date,num_of_books
1722-03-24,1
1812-02-10,1
1857-04-01,1
1899-01-01,1
1902-04-12,1
1921-01-01,1
1921-03-09,1
1921-10-28,5
1921-10-30,1
1921-11-05,2
1921-11-06,1
1922-01-28,1
1922-03-28,1
1922-05-27,1
1922-10-28,12
1922-10-29,1
1922-10-30,5
1922-11-05,2
1922-11-06,3
1922-11-23,1
1922-11-30,1
1923-05-28,1
1923-05-30,1
1923-10-28,8
1923-10-29,3
1923-10-30,5
1923-11-05,1
1923-11-06,2
1923-12-23,1
1924-01-19,1
1924-08-22,1
1924-10-28,9
1924-10-29,1
1924-10-30,4
1924-11-06,3
1924-11-28,1
1925-01-30,1
1925-04-28,1
1925-05-14,1
1925-06-06,1
1925-07-01,1
1925-07-18,1
1925-10-28,10
1925-10-29,3
1925-10-30,6
1925-12-17,1
1926-02-28,1
1926-06-28,1
1926-10-14,2
1926-10-28,7
1926-10-29,2
1926-10-30,4
1926-11-06,4
1926-11-30,1
1927-01-01,3
1927-01-27,1
1927-06-16,1
1927-10-06,1
1927-10-15,1
1927-10-28,15
1927-10-29,2
1927-10-30,1
1927-11-05,1
1927-11-06,1
1928-03-29,1
1928-08-28,1
1928-10-11,1
1928-10-28,7
1928-10-29,3
1928-10-30,8
1928-11-06,7
1929-01-24,1
1929-02-01,1
1929-04-28,1
1929-06-07,1
1929-07-01,1
1929-08-11,1
1929-09-28,1
1929-10-06,1
1929-10-28,12
1929-10-29,4
1929-10-30,4
1929-11-05,1
1929-11-06,4
1929-11-30,1
1930-01-01,1
1930-03-01,2
1930-04-14,1
1930-04-30,1
1930-10-01,1
1930-10-16,1
1930-10-28,12
1930-10-29,5
1930-10-30,6
1930-11-01,1
1930-11-05,1
1930-11-06,4
1930-11-13,1
1931-01-14,1
1931-03-02,1
1931-03-06,1
1931-08-30,1
1931-09-01,1
1931-10-28,6
1931-10-29,2
1931-10-30,8
1931-11-05,2
1931-11-06,4
1931-12-28,1
1932-02-06,1
1932-03-12,1
1932-06-05,1
1932-09-08,1
1932-10-28,11
1932-10-29,6
1932-10-30,9
1932-11-06,4
1933-01-01,2
1933-08-28,1
1933-10-28,11
1933-10-29,5
1933-10-30,9
1933-11-06,2
1933-11-28,1
1934-01-01,1
1934-01-28,1
1934-04-28,1
1934-06-01,1
1934-09-06,1
1934-10-01,1
1934-10-05,1
1934-10-28,18
1934-10-29,3
1934-10-30,5
1934-11-06,6
1934-12-01,1
1935-01-28,1
1935-03-10,1
1935-03-30,1
1935-04-12,1
1935-08-17,1
1935-10-25,1
1935-10-28,16
1935-10-29,4
1935-10-30,9
1935-11-06,4
1935-11-28,1
1935-11-30,1
1936-01-01,1
1936-01-06,1
1936-04-09,1
1936-04-20,1
1936-04-24,1
1936-04-28,1
1936-05-15,1
1936-05-16,1
1936-06-30,1
1936-07-06,1
1936-10-28,15
1936-10-29,4
1936-10-30,3
1936-11-02,1
1936-11-05,2
1936-11-06,8
1937-04-15,1
1937-06-08,1
1937-09-21,2
1937-10-28,18
1937-10-29,7
1937-10-30,7
1937-11-06,5
1937-11-28,1
1937-12-21,1
1938-01-01,1
1938-05-28,1
1938-06-29,1
1938-06-30,1
1938-08-28,1
1938-08-30,1
1938-09-01,1
1938-09-09,1
1938-10-02,1
1938-10-28,15
1938-10-29,2
1938-10-30,5
1938-11-05,2
1938-11-06,4
1938-12-19,1
1939-01-01,2
1939-02-06,2
1939-02-28,1
1939-03-28,1
1939-04-14,1
1939-05-04,1
1939-05-30,1
1939-06-05,1
1939-06-12,1
1939-09-01,2
1939-10-28,17
1939-10-29,4
1939-10-30,4
1939-11-05,1
1939-11-06,7
1940-01-01,2
1940-01-29,1
1940-03-28,1
1940-08-01,1
1940-10-28,19
1940-10-29,4
1940-10-30,6
1940-11-05,2
1940-11-06,7
1941-01-19,1
1941-04-01,1
1941-04-19,1
1941-05-28,1
1941-06-20,1
1941-07-21,1
1941-08-24,1
1941-08-28,1
1941-09-28,1
1941-10-28,5
1941-10-29,3
1941-10-30,6
1941-11-05,1
1941-11-06,10
1941-11-30,1
1942-01-01,2
1942-02-28,1
1942-05-28,1
1942-05-29,1
1942-06-05,1
1942-07-05,1
1942-08-17,1
1942-09-13,1
1942-10-28,15
1942-10-29,5
1942-10-30,4
1942-11-05,2
1942-11-06,1
1943-02-04,1
1943-02-20,1
1943-03-07,1
1943-04-15,2
1943-06-30,1
1943-08-18,1
1943-10-16,2
1943-10-28,17
1943-10-29,2
1943-10-30,5
1943-11-06,4
1943-12-17,1
1943-12-19,2
1943-12-29,1
1944-01-01,1
1944-02-04,1
1944-05-28,1
1944-06-01,1
1944-06-30,1
1944-07-31,1
1944-08-28,2
1944-09-18,1
1944-10-28,12
1944-10-29,4
1944-10-30,6
1944-11-05,1
1944-11-06,6
1945-01-01,1
1945-01-03,1
1945-01-28,1
1945-01-29,1
1945-02-01,1
1945-02-28,1
1945-08-17,1
1945-09-28,1
1945-10-01,1
1945-10-03,1
1945-10-28,19
1945-10-29,6
1945-10-30,5
1945-11-05,1
1945-11-06,3
1945-12-01,1
1945-12-28,1
1946-01-01,1
1946-01-03,1
1946-10-28,15
1946-10-29,6
1946-10-30,9
1946-11-05,2
1946-11-06,8
1946-11-21,1
1946-12-17,1
1947-01-01,3
1947-02-28,1
1947-04-28,1
1947-06-01,1
1947-06-29,1
1947-09-03,1
1947-10-01,1
1947-10-16,1
1947-10-28,16
1947-10-29,6
1947-10-30,7
1947-11-05,1
1947-11-06,4
1947-12-28,2
1948-01-01,1
1948-01-10,1
1948-01-21,1
1948-02-01,1
1948-02-21,1
1948-02-28,1
1948-04-30,1
1948-06-26,1
1948-07-25,1
1948-08-30,1
1948-09-17,1
1948-10-28,23
1948-10-29,3
1948-10-30,4
1948-11-06,3
1948-11-21,1
1949-01-01,1
1949-02-28,1
1949-06-05,1
1949-06-08,1
1949-10-09,1
1949-10-14,1
1949-10-28,21
1949-10-29,3
1949-10-30,10
1949-11-05,2
1949-11-06,4
1949-11-14,1
1950-01-01,3
1950-02-28,1
1950-03-16,1
1950-05-06,1
1950-05-28,1
1950-06-27,1
1950-06-28,1
1950-09-23,1
1950-10-28,20
1950-10-29,7
1950-10-30,17
1950-11-05,2
1950-11-06,10
1950-12-05,1
1951-01-01,1
1951-01-30,1
1951-02-28,1
1951-03-05,1
1951-03-19,1
1951-03-28,1
1951-04-26,1
1951-06-15,1
1951-07-16,1
1951-10-05,1
1951-10-15,1
1951-10-18,1
1951-10-28,14
1951-10-29,4
1951-10-30,10
1951-11-05,3
1951-11-06,7
1951-12-01,2
1952-02-06,1
1952-02-29,1
1952-03-13,1
1952-06-29,1
1952-09-01,1
1952-09-15,1
1952-10-15,1
1952-10-28,18
1952-10-29,4
1952-10-30,4
1952-11-05,2
1952-11-06,6
1952-12-01,1
1953-01-01,1
1953-01-30,1
1953-02-05,1
1953-03-19,1
1953-03-28,2
1953-04-01,1
1953-04-06,1
1953-04-15,1
1953-04-22,1
1953-05-18,1
1953-06-01,1
1953-06-28,1
1953-09-18,1
1953-10-05,1
1953-10-18,1
1953-10-19,1
1953-10-28,16
1953-10-29,6
1953-10-30,4
1953-11-05,2
1953-11-06,6
1953-11-09,1
1953-12-28,1
1954-04-05,1
1954-06-10,1
1954-06-28,1
1954-07-28,1
1954-07-29,1
1954-08-01,1
1954-08-28,1
1954-09-17,1
1954-10-21,1
1954-10-28,17
1954-10-29,3
1954-10-30,8
1954-11-05,2
1954-11-06,9
1954-11-11,1
1954-11-18,1
1954-12-03,1
1955-01-01,4
1955-01-28,1
1955-03-19,1
1955-04-25,1
1955-07-01,1
1955-09-28,1
1955-10-20,2
1955-10-28,27
1955-10-29,4
1955-10-30,15
1955-11-06,7
1955-12-01,1
1955-12-25,1
1956-01-02,1
1956-03-28,1
1956-04-01,2
1956-05-16,1
1956-07-01,1
1956-07-06,1
1956-09-04,1
1956-10-01,1
1956-10-12,1
1956-10-28,21
1956-10-29,7
1956-10-30,6
1956-11-05,4
1956-11-06,3
1956-11-15,1
1956-11-30,1
1956-12-28,1
1957-01-01,1
1957-03-12,1
1957-03-30,1
1957-04-01,1
1957-05-28,1
1957-06-01,1
1957-06-25,1
1957-07-28,2
1957-08-10,1
1957-09-05,1
1957-09-28,1
1957-10-12,1
1957-10-28,15
1957-10-29,8
1957-10-30,14
1957-11-04,1
1957-11-05,1
1957-11-06,7
1957-11-28,1
1957-11-30,1
1958-01-01,4
1958-04-01,1
1958-04-12,1
1958-07-24,1
1958-08-12,1
1958-09-01,1
1958-09-12,1
1958-09-28,1
1958-10-25,1
1958-10-28,11
1958-10-29,8
1958-10-30,16
1958-11-05,3
1958-11-06,5
1958-11-12,1
1958-11-28,1
1958-12-01,1
1958-12-31,1
1959-01-01,1
1959-01-03,1
1959-01-23,1
1959-02-18,1
1959-03-29,1
1959-04-10,1
1959-04-22,1
1959-04-30,1
1959-06-01,1
1959-07-11,1
1959-10-16,1
1959-10-28,24
1959-10-29,10
1959-10-30,11
1959-11-02,1
1959-11-05,2
1959-11-06,8
1959-11-12,1
1959-11-24,1
1959-11-26,2
1959-11-30,1
1959-12-28,2
1960-01-01,3
1960-01-28,1
1960-02-29,1
1960-03-24,1
1960-05-17,1
1960-06-12,1
1960-06-28,1
1960-07-27,1
1960-09-09,1
1960-10-17,1
1960-10-28,13
1960-10-29,6
1960-10-30,10
1960-11-05,2
1960-11-06,9
1960-11-30,1
1961-01-01,3
1961-02-24,1
1961-03-01,1
1961-07-14,1
1961-07-28,2
1961-09-01,1
1961-10-28,25
1961-10-29,4
1961-10-30,14
1961-11-06,9
1961-11-10,1
1961-11-30,1
1961-12-31,1
1962-01-01,3
1962-03-22,1
1962-03-28,1
1962-03-30,1
1962-04-03,2
1962-05-28,1
1962-06-30,1
1962-08-01,1
1962-08-06,1
1962-09-11,1
1962-09-17,1
1962-09-21,1
1962-09-27,1
1962-10-06,1
1962-10-28,26
1962-10-29,7
1962-10-30,9
1962-11-05,1
1962-11-06,14
1962-11-28,1
1962-12-24,1
1963-01-01,2
1963-01-31,1
1963-02-07,1
1963-02-12,1
1963-02-19,1
1963-02-28,2
1963-03-30,1
1963-04-01,1
1963-04-16,1
1963-04-19,1
1963-05-17,1
1963-08-01,1
1963-09-01,1
1963-10-28,21
1963-10-29,7
1963-10-30,12
1963-11-05,3
1963-11-06,17
1963-12-28,1
1964-01-01,5
1964-01-17,1
1964-01-29,1
1964-03-12,1
1964-04-29,1
1964-05-06,1
1964-07-01,1
1964-09-30,1
1964-10-22,1
1964-10-28,21
1964-10-29,5
1964-10-30,13
1964-11-01,1
1964-11-05,3
1964-11-06,8
1964-11-16,1
1964-11-25,1
1964-12-06,1
1965-01-01,6
1965-01-28,2
1965-05-30,1
1965-06-01,1
1965-06-06,1
1965-06-28,1
1965-09-09,1
1965-10-08,1
1965-10-11,1
1965-10-28,20
1965-10-29,5
1965-10-30,11
1965-11-05,5
1965-11-06,11
1965-11-28,1
1965-12-29,1
1966-01-01,6
1966-02-17,1
1966-02-28,1
1966-03-01,2
1966-03-03,1
1966-03-28,1
1966-03-29,1
1966-04-28,1
1966-04-29,1
1966-05-28,1
1966-08-06,1
1966-09-01,1
1966-10-24,1
1966-10-28,20
1966-10-29,5
1966-10-30,12
1966-11-01,1
1966-11-05,3
1966-11-06,10
1966-11-10,1
1967-01-01,1
1967-02-06,1
1967-03-12,1
1967-03-28,1
1967-04-29,1
1967-04-30,1
1967-06-01,3
1967-06-30,1
1967-08-24,1
1967-09-14,1
1967-10-18,1
1967-10-28,17
1967-10-29,7
1967-10-30,9
1967-11-05,5
1967-11-06,7
1967-11-14,1
1967-11-17,1
1967-12-01,1
1968-01-01,3
1968-01-28,2
1968-03-12,1
1968-04-01,1
1968-04-28,1
1968-05-08,1
1968-05-21,1
1968-06-28,1
1968-08-01,1
1968-08-28,1
1968-09-01,1
1968-09-09,1
1968-09-28,2
1968-09-29,1
1968-09-30,2
1968-10-27,1
1968-10-28,18
1968-10-29,5
1968-10-30,12
1968-11-05,1
1968-11-06,8
1968-11-28,1
1968-12-31,1
1969-01-01,8
1969-01-13,1
1969-03-27,1
1969-04-06,1
1969-04-15,1
1969-04-28,1
1969-05-01,1
1969-06-01,1
1969-06-03,1
1969-06-05,1
1969-06-30,1
1969-07-30,1
1969-08-14,1
1969-08-30,1
1969-09-01,1
1969-09-25,1
1969-10-08,1
1969-10-28,25
1969-10-29,5
1969-10-30,11
1969-11-05,1
1969-11-06,8
1969-11-12,1
1969-11-24,1
1969-12-12,2
1969-12-31,1
1970-01-01,12
1970-01-02,1
1970-02-01,1
1970-02-14,1
1970-03-30,1
1970-04-05,1
1970-04-28,1
1970-06-01,1
1970-07-06,1
1970-09-09,1
1970-09-12,1
1970-10-14,1
1970-10-28,26
1970-10-29,2
1970-10-30,10
1970-11-05,3
1970-11-06,9
1971-01-01,1
1971-02-24,1
1971-02-28,1
1971-03-01,1
1971-04-01,1
1971-04-12,1
1971-04-26,1
1971-05-01,1
1971-05-24,1
1971-05-28,1
1971-06-28,3
1971-07-01,2
1971-07-07,1
1971-08-10,1
1971-08-12,2
1971-10-15,1
1971-10-28,30
1971-10-29,8
1971-10-30,11
1971-11-05,1
1971-11-06,8
1971-11-15,2
1972-01-01,5
1972-01-29,1
1972-02-29,1
1972-03-01,1
1972-03-17,1
1972-04-06,1
1972-04-07,1
1972-04-26,1
1972-04-30,1
1972-06-06,1
1972-08-01,1
1972-08-06,1
1972-08-12,1
1972-09-28,5
1972-10-24,1
1972-10-28,24
1972-10-29,4
1972-10-30,10
1972-10-31,1
1972-11-03,1
1972-11-06,14
1972-11-28,1
1972-11-30,1
1972-12-01,2
1972-12-28,1
1972-12-30,1
1972-12-31,1
1973-01-01,6
1973-01-28,1
1973-01-30,2
1973-02-01,1
1973-02-28,1
1973-05-12,1
1973-06-02,1
1973-06-24,1
1973-06-28,2
1973-07-12,1
1973-08-01,1
1973-08-05,1
1973-09-01,2
1973-10-28,26
1973-10-29,4
1973-10-30,19
1973-11-01,1
1973-11-05,3
1973-11-06,12
1974-01-01,9
1974-01-06,1
1974-02-19,1
1974-02-28,1
1974-03-12,1
1974-04-05,1
1974-04-28,2
1974-05-01,1
1974-05-06,1
1974-05-15,1
1974-05-24,1
1974-05-30,1
1974-06-05,2
1974-07-06,1
1974-08-12,1
1974-08-15,1
1974-08-28,1
1974-09-01,1
1974-09-16,1
1974-10-01,1
1974-10-28,17
1974-10-29,5
1974-10-30,17
1974-11-05,2
1974-11-06,9
1974-12-01,1
1974-12-28,1
1975-01-01,5
1975-01-28,1
1975-01-30,1
1975-02-06,1
1975-02-28,1
1975-05-12,1
1975-06-01,1
1975-06-07,1
1975-08-06,1
1975-09-01,1
1975-09-08,1
1975-09-28,1
1975-10-07,1
1975-10-12,1
1975-10-17,2
1975-10-28,26
1975-10-29,16
1975-10-30,19
1975-11-05,4
1975-11-06,11
1975-11-28,1
1975-11-30,1
1975-12-01,1
1975-12-06,1
1976-01-01,8
1976-01-10,1
1976-02-14,1
1976-03-01,1
1976-03-12,1
1976-03-28,1
1976-04-01,1
1976-04-12,1
1976-04-14,1
1976-04-16,1
1976-04-21,1
1976-04-28,1
1976-05-01,2
1976-05-15,1
1976-05-29,1
1976-06-01,1
1976-06-29,1
1976-07-09,1
1976-08-04,1
1976-08-12,1
1976-08-17,1
1976-09-01,1
1976-09-24,1
1976-10-01,1
1976-10-05,1
1976-10-28,32
1976-10-29,3
1976-10-30,10
1976-11-01,1
1976-11-05,2
1976-11-06,14
1976-11-24,1
1976-12-05,1
1976-12-31,1
1977-01-01,7
1977-01-28,2
1977-03-01,1
1977-03-07,1
1977-04-01,1
1977-04-12,1
1977-04-27,1
1977-04-28,1
1977-04-29,1
1977-05-01,1
1977-05-02,1
1977-05-08,1
1977-05-24,1
1977-06-01,1
1977-06-28,1
1977-07-01,1
1977-07-07,1
1977-08-01,2
1977-09-01,1
1977-09-06,1
1977-09-09,1
1977-09-12,1
1977-09-13,1
1977-09-15,1
1977-09-22,1
1977-09-24,1
1977-10-21,1
1977-10-26,2
1977-10-28,19
1977-10-29,9
1977-10-30,15
1977-11-05,3
1977-11-06,20
1977-11-24,1
1977-12-01,1
1978-01-01,10
1978-02-01,1
1978-03-01,1
1978-03-17,1
1978-03-29,1
1978-03-30,1
1978-04-06,1
1978-04-24,1
1978-05-15,1
1978-05-28,1
1978-06-01,2
1978-06-28,1
1978-06-30,1
1978-07-01,1
1978-07-07,1
1978-07-28,1
1978-08-01,2
1978-08-28,1
1978-09-01,1
1978-09-05,1
1978-09-12,1
1978-09-21,1
1978-09-28,1
1978-09-30,1
1978-10-01,2
1978-10-03,1
1978-10-25,1
1978-10-28,21
1978-10-29,9
1978-10-30,14
1978-11-05,3
1978-11-06,9
1978-11-12,1
1978-11-23,1
1978-11-28,1
1978-11-30,1
1978-12-06,1
1978-12-12,1
1979-01-01,5
1979-02-06,1
1979-03-01,1
1979-03-14,1
1979-03-29,1
1979-03-30,1
1979-04-01,1
1979-04-12,2
1979-04-27,1
1979-04-28,1
1979-05-17,1
1979-05-28,1
1979-06-03,1
1979-06-28,1
1979-06-29,1
1979-07-28,1
1979-08-15,1
1979-08-30,1
1979-09-01,1
1979-09-20,1
1979-10-01,1
1979-10-08,1
1979-10-28,27
1979-10-29,7
1979-10-30,8
1979-11-05,4
1979-11-06,5
1979-11-18,1
1979-11-28,1
1980-01-01,11
1980-01-15,1
1980-02-04,1
1980-02-12,1
1980-02-21,1
1980-04-15,1
1980-04-28,1
1980-05-01,4
1980-05-03,1
1980-05-04,1
1980-05-28,2
1980-05-29,1
1980-06-05,1
1980-07-01,1
1980-07-30,1
1980-08-01,2
1980-08-28,1
1980-09-13,1
1980-09-26,1
1980-09-29,1
1980-09-30,1
1980-10-06,1
1980-10-07,1
1980-10-28,35
1980-10-29,8
1980-10-30,19
1980-11-01,1
1980-11-05,1
1980-11-06,12
1980-11-10,1
1980-11-12,1
1980-12-28,1
1981-01-01,10
1981-01-06,1
1981-01-09,1
1981-01-15,1
1981-02-02,1
1981-02-23,1
1981-02-28,1
1981-03-12,1
1981-03-30,1
1981-04-06,1
1981-04-20,1
1981-04-28,2
1981-05-03,1
1981-05-06,2
1981-05-10,1
1981-05-12,1
1981-05-22,1
1981-06-01,1
1981-06-30,1
1981-07-12,1
1981-07-30,1
1981-08-01,1
1981-09-01,1
1981-09-08,1
1981-09-14,1
1981-09-28,1
1981-09-30,1
1981-10-01,1
1981-10-03,1
1981-10-07,1
1981-10-14,1
1981-10-28,37
1981-10-29,6
1981-10-30,15
1981-11-01,1
1981-11-05,4
1981-11-06,20
1981-11-28,2
1981-12-06,1
1981-12-30,1
1982-01-01,7
1982-01-02,1
1982-01-06,2
1982-02-28,1
1982-03-01,1
1982-03-12,2
1982-03-24,1
1982-04-01,2
1982-04-09,1
1982-04-15,2
1982-05-01,2
1982-06-02,2
1982-06-03,1
1982-06-12,1
1982-06-28,1
1982-07-01,1
1982-07-12,2
1982-07-24,1
1982-08-21,1
1982-08-27,1
1982-08-28,2
1982-08-30,1
1982-09-01,5
1982-09-05,1
1982-09-12,1
1982-09-28,2
1982-10-01,4
1982-10-12,1
1982-10-13,2
1982-10-18,1
1982-10-28,23
1982-10-29,11
1982-10-30,17
1982-11-01,1
1982-11-05,1
1982-11-06,9
1982-11-08,1
1982-11-21,1
1982-11-28,1
1982-11-30,1
1982-12-01,1
1982-12-28,3
1982-12-29,1
1983-01-01,12
1983-01-29,1
1983-02-01,1
1983-02-28,1
1983-03-01,1
1983-03-10,1
1983-03-12,1
1983-03-28,1
1983-04-01,1
1983-04-28,1
1983-04-29,1
1983-05-05,1
1983-05-09,1
1983-05-28,1
1983-05-29,1
1983-06-15,1
1983-06-24,1
1983-06-30,1
1983-07-01,3
1983-08-01,1
1983-08-12,1
1983-08-22,1
1983-08-25,2
1983-09-01,3
1983-09-14,1
1983-09-15,1
1983-09-24,1
1983-09-28,1
1983-10-01,2
1983-10-06,2
1983-10-07,1
1983-10-10,2
1983-10-12,1
1983-10-27,1
1983-10-28,29
1983-10-29,9
1983-10-30,22
1983-11-01,2
1983-11-05,3
1983-11-06,17
1983-11-15,2
1983-11-24,1
1983-11-28,1
1983-11-29,1
1983-12-01,1
1983-12-31,2
1984-01-01,13
1984-01-06,1
1984-01-12,1
1984-01-28,1
1984-01-30,1
1984-02-12,1
1984-03-29,1
1984-04-01,3
1984-04-09,1
1984-04-28,1
1984-04-30,1
1984-05-01,2
1984-05-26,1
1984-06-01,2
1984-06-06,1
1984-07-12,1
1984-07-28,1
1984-08-16,1
1984-08-21,1
1984-08-29,1
1984-09-01,1
1984-09-06,1
1984-09-21,1
1984-09-24,2
1984-09-27,1
1984-09-28,1
1984-10-01,2
1984-10-06,1
1984-10-12,1
1984-10-15,1
1984-10-28,41
1984-10-29,15
1984-10-30,19
1984-11-01,2
1984-11-05,5
1984-11-06,17
1984-11-08,1
1984-11-12,2
1984-11-19,1
1984-11-28,1
1984-11-30,1
1984-12-01,1
1984-12-06,1
1984-12-12,1
1984-12-28,2
1985-01-01,12
1985-01-02,1
1985-01-14,1
1985-01-28,1
1985-03-01,1
1985-03-02,1
1985-03-12,1
1985-03-24,1
1985-04-01,2
1985-04-06,1
1985-04-12,1
1985-04-25,1
1985-04-28,2
1985-05-01,2
1985-05-02,1
1985-05-07,1
1985-05-10,1
1985-05-28,1
1985-06-01,5
1985-06-03,1
1985-06-04,1
1985-06-21,1
1985-07-01,2
1985-08-12,1
1985-08-19,1
1985-08-20,1
1985-08-22,1
1985-09-01,7
1985-09-10,1
1985-09-12,2
1985-09-19,1
1985-09-28,2
1985-10-12,1
1985-10-28,36
1985-10-29,6
1985-10-30,25
1985-11-01,1
1985-11-05,5
1985-11-06,13
1985-11-24,1
1985-11-25,1
1985-11-28,1
1985-12-01,2
1985-12-31,1
1986-01-01,15
1986-01-05,2
1986-01-06,1
1986-01-28,2
1986-02-01,1
1986-02-07,1
1986-02-11,1
1986-02-12,2
1986-02-28,3
1986-03-01,2
1986-03-12,2
1986-03-24,1
1986-03-28,1
1986-04-01,1
1986-04-14,1
1986-04-28,2
1986-05-01,2
1986-05-28,1
1986-05-30,1
1986-06-01,2
1986-06-02,1
1986-06-05,1
1986-06-06,1
1986-06-12,1
1986-06-26,1
1986-06-29,1
1986-07-01,3
1986-07-12,1
1986-07-24,1
1986-08-01,1
1986-08-07,1
1986-08-12,1
1986-08-21,1
1986-08-28,1
1986-08-29,1
1986-09-01,2
1986-09-12,2
1986-09-15,1
1986-09-18,1
1986-09-24,1
1986-09-26,1
1986-09-28,1
1986-10-01,1
1986-10-12,1
1986-10-16,1
1986-10-28,31
1986-10-29,4
1986-10-30,19
1986-11-01,2
1986-11-05,4
1986-11-06,18
1986-11-21,1
1986-11-28,2
1986-12-01,3
1986-12-12,3
1986-12-24,1
1986-12-30,1
1986-12-31,3
1987-01-01,12
1987-01-03,1
1987-01-06,1
1987-01-15,1
1987-01-21,1
1987-01-24,1
1987-02-01,3
1987-02-02,1
1987-02-23,1
1987-02-24,1
1987-02-28,1
1987-03-29,1
1987-04-01,4
1987-04-23,1
1987-04-28,1
1987-04-30,1
1987-05-07,1
1987-05-28,4
1987-05-29,1
1987-05-30,1
1987-06-01,2
1987-06-06,1
1987-06-08,2
1987-06-25,1
1987-07-01,2
1987-07-07,1
1987-07-10,1
1987-07-15,1
1987-07-28,1
1987-07-30,2
1987-08-01,3
1987-08-04,1
1987-08-12,1
1987-08-17,1
1987-09-01,3
1987-09-04,2
1987-09-06,1
1987-09-08,1
1987-09-12,1
1987-09-16,1
1987-09-24,1
1987-09-28,1
1987-09-30,1
1987-10-01,1
1987-10-05,1
1987-10-12,1
1987-10-21,1
1987-10-28,42
1987-10-29,7
1987-10-30,23
1987-11-01,6
1987-11-05,8
1987-11-06,17
1987-11-12,2
1987-11-30,1
1987-12-12,1
1987-12-28,1
1987-12-30,1
1988-01-01,11
1988-01-28,1
1988-01-29,1
1988-01-30,1
1988-02-01,2
1988-02-20,1
1988-02-25,1
1988-03-06,1
1988-03-07,1
1988-04-01,5
1988-04-15,1
1988-04-24,1
1988-04-30,1
1988-05-01,2
1988-05-12,1
1988-05-26,1
1988-05-28,2
1988-05-29,1
1988-05-31,1
1988-06-01,4
1988-06-24,1
1988-06-28,2
1988-07-01,2
1988-07-05,1
1988-07-28,1
1988-07-29,1
1988-08-12,1
1988-08-24,1
1988-08-28,2
1988-08-31,1
1988-09-01,5
1988-09-06,1
1988-09-26,1
1988-09-28,1
1988-09-29,1
1988-10-01,6
1988-10-06,1
1988-10-10,1
1988-10-12,1
1988-10-13,1
1988-10-15,1
1988-10-25,1
1988-10-28,44
1988-10-29,10
1988-10-30,23
1988-11-01,5
1988-11-05,8
1988-11-06,25
1988-11-10,2
1988-11-16,1
1988-11-30,2
1988-12-01,3
1988-12-10,1
1988-12-27,1
1988-12-28,1
1989-01-01,14
1989-01-03,1
1989-01-28,1
1989-02-01,1
1989-02-04,1
1989-02-06,1
1989-02-28,1
1989-03-01,2
1989-03-20,2
1989-03-23,1
1989-03-24,1
1989-03-28,2
1989-04-01,3
1989-04-17,1
1989-04-24,1
1989-04-28,1
1989-04-29,1
1989-04-30,1
1989-05-01,1
1989-05-10,1
1989-05-15,1
1989-05-22,1
1989-05-24,1
1989-05-26,1
1989-06-01,2
1989-06-06,2
1989-06-10,1
1989-06-13,1
1989-06-15,1
1989-06-28,1
1989-06-30,1
1989-07-01,2
1989-07-28,1
1989-08-01,3
1989-08-06,1
1989-08-07,1
1989-08-15,1
1989-08-17,2
1989-08-23,1
1989-08-28,1
1989-09-01,1
1989-09-05,1
1989-09-09,1
1989-09-13,1
1989-09-19,1
1989-09-23,1
1989-09-29,1
1989-10-01,4
1989-10-12,1
1989-10-20,1
1989-10-24,1
1989-10-28,34
1989-10-29,11
1989-10-30,27
1989-11-01,2
1989-11-05,8
1989-11-06,21
1989-11-13,1
1989-11-28,1
1989-11-30,1
1989-12-01,1
1989-12-28,1
1989-12-31,1
1990-01-01,14
1990-01-04,1
1990-01-06,1
1990-01-09,1
1990-01-12,1
1990-01-13,1
1990-01-15,2
1990-01-22,1
1990-01-23,1
1990-01-28,1
1990-01-29,1
1990-02-01,3
1990-02-25,1
1990-02-28,3
1990-03-01,1
1990-03-07,1
1990-03-10,1
1990-03-15,1
1990-03-20,1
1990-03-23,1
1990-03-24,1
1990-03-27,1
1990-03-28,4
1990-03-30,1
1990-03-31,1
1990-04-01,3
1990-04-02,1
1990-04-12,1
1990-05-01,4
1990-05-03,2
1990-05-05,1
1990-05-07,1
1990-05-31,2
1990-06-01,2
1990-06-02,1
1990-06-20,1
1990-07-01,2
1990-07-03,1
1990-07-15,1
1990-07-17,1
1990-08-01,2
1990-08-06,1
1990-08-07,1
1990-08-28,1
1990-09-01,4
1990-09-02,1
1990-09-04,1
1990-09-06,1
1990-09-12,1
1990-09-18,1
1990-09-24,1
1990-09-28,2
1990-10-01,7
1990-10-03,1
1990-10-17,1
1990-10-22,1
1990-10-25,1
1990-10-28,38
1990-10-29,11
1990-10-30,26
1990-10-31,1
1990-11-01,1
1990-11-05,5
1990-11-06,29
1990-11-07,1
1990-11-15,1
1990-11-26,1
1990-12-01,5
1990-12-15,1
1990-12-18,1
1990-12-29,1
1990-12-31,1
1991-01-01,14
1991-01-03,1
1991-01-04,1
1991-01-06,1
1991-01-15,1
1991-02-01,3
1991-02-05,2
1991-02-10,1
1991-02-14,1
1991-02-15,1
1991-02-28,2
1991-03-01,2
1991-03-28,2
1991-03-30,1
1991-04-01,1
1991-04-04,1
1991-04-15,1
1991-04-22,2
1991-04-28,1
1991-05-01,3
1991-05-15,3
1991-05-28,2
1991-05-30,1
1991-06-01,4
1991-06-06,1
1991-06-13,1
1991-06-25,1
1991-07-01,1
1991-07-03,2
1991-07-06,1
1991-07-11,1
1991-08-01,5
1991-08-06,2
1991-08-14,1
1991-08-20,1
1991-08-27,1
1991-08-28,1
1991-09-01,6
1991-09-03,3
1991-09-06,1
1991-09-15,1
1991-09-16,2
1991-09-18,1
1991-09-26,1
1991-09-28,1
1991-09-29,1
1991-09-30,2
1991-10-01,5
1991-10-05,2
1991-10-15,2
1991-10-20,1
1991-10-21,1
1991-10-28,45
1991-10-29,16
1991-10-30,24
1991-11-01,3
1991-11-05,3
1991-11-06,20
1991-11-15,1
1991-11-28,1
1991-12-01,2
1991-12-05,1
1991-12-09,1
1991-12-12,2
1991-12-15,1
1991-12-28,1
1991-12-30,1
1992-01-01,22
1992-01-05,1
1992-01-06,1
1992-01-10,1
1992-01-21,1
1992-01-24,1
1992-01-26,1
1992-01-27,1
1992-01-30,1
1992-02-01,5
1992-02-10,1
1992-02-13,2
1992-02-15,2
1992-02-21,1
1992-02-24,1
1992-03-01,3
1992-03-03,1
1992-03-18,1
1992-03-28,1
1992-03-29,1
1992-04-01,2
1992-04-02,1
1992-04-06,1
1992-04-10,1
1992-04-13,1
1992-04-28,2
1992-04-30,1
1992-05-01,3
1992-05-06,1
1992-05-11,1
1992-05-21,1
1992-05-25,1
1992-05-28,3
1992-05-30,1
1992-06-01,4
1992-06-05,2
1992-06-06,1
1992-06-11,1
1992-06-15,1
1992-06-19,1
1992-06-28,2
1992-06-30,1
1992-07-01,3
1992-07-06,1
1992-07-15,1
1992-07-17,1
1992-07-24,1
1992-07-28,3
1992-07-30,3
1992-08-01,2
1992-08-15,1
1992-08-24,1
1992-08-28,2
1992-08-30,1
1992-09-01,4
1992-09-06,2
1992-09-08,1
1992-09-11,1
1992-09-15,2
1992-09-28,3
1992-09-29,1
1992-10-01,4
1992-10-04,1
1992-10-05,2
1992-10-12,1
1992-10-18,1
1992-10-19,1
1992-10-28,47
1992-10-29,11
1992-10-30,33
1992-11-01,2
1992-11-05,5
1992-11-06,25
1992-11-10,1
1992-11-16,1
1992-11-24,1
1992-11-28,2
1992-12-01,4
1992-12-06,1
1992-12-24,1
1993-01-01,21
1993-01-19,1
1993-01-28,1
1993-02-01,2
1993-02-05,1
1993-02-06,1
1993-02-24,1
1993-02-28,1
1993-03-01,5
1993-03-24,1
1993-03-28,4
1993-03-30,1
1993-03-31,1
1993-04-01,5
1993-04-26,1
1993-04-27,1
1993-04-28,2
1993-05-01,4
1993-05-05,1
1993-05-10,1
1993-05-15,1
1993-05-25,1
1993-05-28,1
1993-05-29,2
1993-06-01,5
1993-06-07,1
1993-06-28,1
1993-06-30,1
1993-07-01,1
1993-07-22,1
1993-08-01,6
1993-08-10,1
1993-08-11,1
1993-08-13,1
1993-08-31,2
1993-09-01,8
1993-09-06,1
1993-09-09,1
1993-09-14,1
1993-09-19,1
1993-09-20,1
1993-09-21,1
1993-09-24,1
1993-09-27,1
1993-09-30,3
1993-10-01,6
1993-10-06,2
1993-10-14,1
1993-10-15,1
1993-10-24,1
1993-10-28,49
1993-10-29,12
1993-10-30,28
1993-11-05,7
1993-11-06,22
1993-11-11,1
1993-11-29,1
1993-12-01,6
1993-12-02,1
1993-12-07,1
1993-12-08,1
1993-12-28,1
1993-12-29,1
1993-12-30,1
1993-12-31,1
1994-01-01,22
1994-01-06,1
1994-01-13,1
1994-01-15,1
1994-01-24,1
1994-01-26,1
1994-01-27,1
1994-01-28,1
1994-02-01,4
1994-03-01,3
1994-03-04,1
1994-03-06,1
1994-03-15,2
1994-03-23,1
1994-03-28,1
1994-03-29,1
1994-03-31,1
1994-04-01,2
1994-04-12,1
1994-04-13,2
1994-04-19,1
1994-04-24,1
1994-04-28,2
1994-04-29,1
1994-04-30,1
1994-05-01,5
1994-05-02,1
1994-05-04,1
1994-05-05,1
1994-05-17,1
1994-05-19,1
1994-05-24,1
1994-05-30,1
1994-06-01,8
1994-06-02,2
1994-06-06,1
1994-06-18,1
1994-06-28,1
1994-07-01,1
1994-07-06,1
1994-07-13,1
1994-07-18,1
1994-07-20,1
1994-07-26,1
1994-08-01,3
1994-08-04,1
1994-08-08,1
1994-08-15,2
1994-08-17,1
1994-08-26,1
1994-08-29,1
1994-08-30,1
1994-09-01,7
1994-09-02,1
1994-09-06,2
1994-09-12,2
1994-09-15,2
1994-09-28,2
1994-10-01,4
1994-10-14,1
1994-10-15,3
1994-10-18,1
1994-10-20,1
1994-10-28,37
1994-10-29,18
1994-10-30,33
1994-11-01,4
1994-11-03,1
1994-11-05,7
1994-11-06,28
1994-11-08,1
1994-11-18,1
1994-11-28,2
1994-11-30,1
1994-12-01,2
1994-12-08,1
1994-12-23,1
1994-12-28,1
1994-12-29,1
1994-12-31,1
1995-01-01,20
1995-01-02,1
1995-01-06,2
1995-01-11,1
1995-01-12,1
1995-01-15,2
1995-01-17,1
1995-01-28,2
1995-02-01,3
1995-02-14,2
1995-02-15,1
1995-02-18,1
1995-02-24,1
1995-02-28,1
1995-03-01,1
1995-03-09,2
1995-03-14,2
1995-03-18,1
1995-03-21,2
1995-03-28,1
1995-03-31,1
1995-04-01,6
1995-04-14,1
1995-04-16,1
1995-04-18,1
1995-04-21,1
1995-04-24,1
1995-04-27,1
1995-04-30,1
1995-05-01,3
1995-05-03,1
1995-05-06,1
1995-05-10,1
1995-05-24,1
1995-05-26,1
1995-05-28,2
1995-05-30,1
1995-06-01,1
1995-06-02,1
1995-06-05,1
1995-06-06,1
1995-06-07,1
1995-06-24,1
1995-06-30,2
1995-07-01,3
1995-07-02,1
1995-07-03,1
1995-07-04,1
1995-07-05,2
1995-07-06,1
1995-07-09,1
1995-07-10,1
1995-07-28,1
1995-08-01,5
1995-08-02,1
1995-08-15,1
1995-08-24,2
1995-08-28,1
1995-08-30,1
1995-09-01,8
1995-09-07,2
1995-09-11,2
1995-09-13,1
1995-09-15,2
1995-09-18,1
1995-09-28,3
1995-09-29,3
1995-09-30,3
1995-10-01,6
1995-10-03,1
1995-10-04,1
1995-10-06,2
1995-10-10,1
1995-10-14,1
1995-10-16,1
1995-10-19,1
1995-10-25,1
1995-10-28,44
1995-10-29,10
1995-10-30,43
1995-11-01,3
1995-11-05,4
1995-11-06,24
1995-11-09,1
1995-11-17,1
1995-11-27,1
1995-12-01,5
1995-12-06,1
1995-12-10,1
1995-12-16,1
1995-12-25,1
1995-12-28,1
1995-12-30,2
1995-12-31,2
1996-01-01,24
1996-01-02,1
1996-01-10,1
1996-01-16,2
1996-01-17,1
1996-01-23,1
1996-01-24,1
1996-01-26,1
1996-01-28,1
1996-01-29,1
1996-01-30,1
1996-02-01,5
1996-02-05,1
1996-02-13,1
1996-02-15,1
1996-02-28,2
1996-03-01,4
1996-03-12,1
1996-03-21,1
1996-03-25,1
1996-03-28,1
1996-03-30,1
1996-04-01,9
1996-04-12,1
1996-04-14,1
1996-04-18,2
1996-04-23,1
1996-04-24,1
1996-05-01,7
1996-05-02,2
1996-05-05,1
1996-05-06,1
1996-05-07,2
1996-05-11,1
1996-05-13,1
1996-05-14,1
1996-05-15,1
1996-05-16,1
1996-05-24,1
1996-05-28,2
1996-05-30,1
1996-06-01,5
1996-06-03,1
1996-06-05,1
1996-06-11,1
1996-06-12,1
1996-06-17,1
1996-06-19,1
1996-06-24,2
1996-06-28,1
1996-07-01,4
1996-07-06,1
1996-07-12,1
1996-07-24,1
1996-07-28,1
1996-07-29,2
1996-08-01,8
1996-08-02,1
1996-08-05,1
1996-08-06,3
1996-08-12,1
1996-08-18,1
1996-08-24,2
1996-08-26,1
1996-08-28,1
1996-08-29,3
1996-08-30,1
1996-09-01,10
1996-09-03,1
1996-09-04,1
1996-09-05,1
1996-09-07,1
1996-09-16,1
1996-09-24,3
1996-09-27,1
1996-09-28,3
1996-09-30,1
1996-10-01,6
1996-10-06,1
1996-10-14,1
1996-10-15,2
1996-10-21,1
1996-10-22,1
1996-10-24,1
1996-10-28,43
1996-10-29,13
1996-10-30,24
1996-10-31,1
1996-11-01,4
1996-11-04,1
1996-11-05,9
1996-11-06,34
1996-11-07,1
1996-11-14,1
1996-11-17,1
1996-11-27,1
1996-11-28,1
1996-12-01,6
1996-12-05,1
1996-12-06,1
1996-12-09,1
1996-12-11,1
1996-12-19,1
1996-12-24,2
1996-12-27,1
1996-12-28,1
1996-12-30,1
1997-01-01,44
1997-01-03,1
1997-01-09,1
1997-01-13,1
1997-01-28,1
1997-02-01,3
1997-02-02,1
1997-02-03,1
1997-02-10,2
1997-02-12,1
1997-02-15,1
1997-02-25,1
1997-02-26,1
1997-02-28,1
1997-03-01,4
1997-03-03,1
1997-03-06,1
1997-03-17,1
1997-03-20,1
1997-03-25,1
1997-03-27,1
1997-03-28,1
1997-03-31,2
1997-04-01,2
1997-04-07,2
1997-04-11,1
1997-04-15,1
1997-04-18,3
1997-04-24,2
1997-04-25,1
1997-04-28,1
1997-05-01,6
1997-05-09,1
1997-05-14,1
1997-05-16,1
1997-05-26,1
1997-05-28,2
1997-05-30,2
1997-06-01,5
1997-06-02,3
1997-06-06,2
1997-06-07,1
1997-06-11,1
1997-06-29,3
1997-07-01,2
1997-07-15,1
1997-07-22,1
1997-07-28,1
1997-07-29,1
1997-07-30,1
1997-07-31,1
1997-08-01,4
1997-08-06,1
1997-08-11,1
1997-08-19,2
1997-08-26,1
1997-08-28,1
1997-08-29,1
1997-09-01,4
1997-09-07,1
1997-09-08,1
1997-09-09,1
1997-09-16,2
1997-09-18,1
1997-09-22,2
1997-09-23,1
1997-09-24,1
1997-09-28,2
1997-09-29,1
1997-09-30,1
1997-10-01,6
1997-10-06,1
1997-10-07,1
1997-10-13,2
1997-10-14,1
1997-10-15,1
1997-10-21,1
1997-10-28,43
1997-10-29,21
1997-10-30,29
1997-11-01,4
1997-11-03,3
1997-11-04,1
1997-11-05,6
1997-11-06,31
1997-11-11,1
1997-11-25,1
1997-11-30,1
1997-12-01,3
1997-12-24,2
1997-12-26,1
1997-12-28,1
1997-12-29,1
1997-12-30,2
1997-12-31,1
1998-01-01,30
1998-01-10,2
1998-01-11,1
1998-01-12,1
1998-01-24,1
1998-01-28,3
1998-02-01,1
1998-02-02,1
1998-02-03,1
1998-02-16,1
1998-02-17,2
1998-02-24,1
1998-03-01,2
1998-03-02,1
1998-03-03,1
1998-03-06,1
1998-03-09,1
1998-03-15,1
1998-03-16,1
1998-03-23,1
1998-03-24,2
1998-03-26,1
1998-03-28,2
1998-03-31,1
1998-04-01,4
1998-04-06,1
1998-04-13,1
1998-04-21,1
1998-04-22,1
1998-04-28,1
1998-05-01,7
1998-05-04,1
1998-05-05,2
1998-05-11,2
1998-05-12,2
1998-05-13,1
1998-05-15,1
1998-05-19,1
1998-05-28,1
1998-05-30,1
1998-06-01,3
1998-06-02,1
1998-06-10,1
1998-06-12,1
1998-06-14,1
1998-06-15,1
1998-06-23,2
1998-06-30,3
1998-07-01,8
1998-07-02,1
1998-07-06,2
1998-07-10,1
1998-07-20,1
1998-07-22,1
1998-07-24,1
1998-07-29,1
1998-07-30,1
1998-08-01,4
1998-08-03,2
1998-08-10,1
1998-08-11,2
1998-08-15,1
1998-08-17,1
1998-08-18,1
1998-08-19,2
1998-08-20,1
1998-08-21,1
1998-08-22,1
1998-08-24,1
1998-08-25,1
1998-08-27,1
1998-08-29,1
1998-09-01,6
1998-09-07,1
1998-09-08,1
1998-09-10,1
1998-09-15,1
1998-09-19,1
1998-09-21,1
1998-09-22,2
1998-09-24,1
1998-09-27,1
1998-09-28,5
1998-09-30,2
1998-10-01,6
1998-10-08,1
1998-10-09,1
1998-10-10,1
1998-10-20,2
1998-10-22,1
1998-10-26,1
1998-10-28,58
1998-10-29,20
1998-10-30,31
1998-11-01,9
1998-11-02,1
1998-11-03,1
1998-11-05,3
1998-11-06,37
1998-11-11,1
1998-11-12,1
1998-11-13,1
1998-11-16,3
1998-12-01,5
1998-12-03,1
1998-12-16,1
1998-12-25,1
1998-12-28,1
1998-12-29,1
1998-12-31,2
1999-01-01,40
1999-01-10,1
1999-01-19,3
1999-01-28,1
1999-02-01,5
1999-02-02,1
1999-02-10,1
1999-02-20,1
1999-02-28,2
1999-03-01,6
1999-03-02,2
1999-03-03,1
1999-03-04,3
1999-03-06,1
1999-03-08,1
1999-03-09,2
1999-03-12,1
1999-03-15,1
1999-03-21,2
1999-03-22,1
1999-03-23,1
1999-03-28,3
1999-03-30,1
1999-03-31,1
1999-04-01,8
1999-04-06,3
1999-04-09,2
1999-04-20,4
1999-04-21,2
1999-04-22,1
1999-04-26,1
1999-04-28,3
1999-05-01,3
1999-05-03,1
1999-05-04,1
1999-05-06,2
1999-05-07,1
1999-05-10,1
1999-05-11,2
1999-05-12,2
1999-05-15,1
1999-05-18,2
1999-05-19,1
1999-05-25,1
1999-05-28,1
1999-05-30,1
1999-06-01,2
1999-06-02,1
1999-06-03,1
1999-06-05,1
1999-06-07,1
1999-06-08,2
1999-06-18,1
1999-06-21,1
1999-06-24,1
1999-06-28,1
1999-06-29,1
1999-06-30,2
1999-07-01,1
1999-07-06,1
1999-07-08,2
1999-07-13,1
1999-07-19,1
1999-07-21,1
1999-07-24,1
1999-07-28,2
1999-07-29,1
1999-08-01,3
1999-08-02,2
1999-08-03,1
1999-08-04,1
1999-08-05,1
1999-08-06,1
1999-08-12,1
1999-08-13,1
1999-08-19,1
1999-08-24,1
1999-08-25,1
1999-08-28,1
1999-08-29,2
1999-08-30,2
1999-09-01,6
1999-09-04,1
1999-09-06,1
1999-09-08,2
1999-09-09,1
1999-09-13,3
1999-09-14,1
1999-09-17,2
1999-09-21,1
1999-09-22,1
1999-09-24,1
1999-09-25,1
1999-09-28,1
1999-09-29,1
1999-09-30,4
1999-10-01,4
1999-10-04,2
1999-10-05,1
1999-10-06,2
1999-10-07,1
1999-10-08,1
1999-10-13,1
1999-10-19,1
1999-10-20,1
1999-10-22,1
1999-10-26,1
1999-10-28,47
1999-10-29,17
1999-10-30,27
1999-10-31,1
1999-11-01,5
1999-11-03,1
1999-11-05,4
1999-11-06,32
1999-11-08,1
1999-11-09,1
1999-11-16,1
1999-11-18,1
1999-11-21,1
1999-11-28,2
1999-12-01,2
1999-12-07,1
1999-12-22,1
1999-12-24,1
1999-12-28,1
1999-12-31,7
2000-01-01,41
2000-01-05,1
2000-01-19,1
2000-01-24,1
2000-01-25,1
2000-01-26,1
2000-01-28,2
2000-01-29,1
2000-01-30,2
2000-02-01,4
2000-02-02,2
2000-02-05,1
2000-02-11,1
2000-02-17,1
2000-02-22,1
2000-02-24,1
2000-02-29,7
2000-03-01,8
2000-03-02,1
2000-03-06,1
2000-03-07,2
2000-03-14,1
2000-03-17,1
2000-03-19,1
2000-03-22,2
2000-03-24,1
2000-03-28,3
2000-03-30,2
2000-04-01,9
2000-04-04,1
2000-04-06,1
2000-04-07,1
2000-04-09,1
2000-04-15,1
2000-04-16,1
2000-04-19,1
2000-04-20,1
2000-04-24,1
2000-04-25,1
2000-04-26,1
2000-04-28,1
2000-04-30,1
2000-05-01,7
2000-05-02,4
2000-05-03,1
2000-05-08,1
2000-05-09,1
2000-05-15,1
2000-05-17,2
2000-05-22,3
2000-05-23,1
2000-05-28,1
2000-05-29,2
2000-05-30,1
2000-06-01,7
2000-06-02,1
2000-06-04,2
2000-06-06,1
2000-06-15,1
2000-06-17,1
2000-06-18,1
2000-06-20,1
2000-06-24,1
2000-06-29,1
2000-07-01,2
2000-07-05,1
2000-07-12,1
2000-07-13,1
2000-07-14,3
2000-07-17,1
2000-07-25,2
2000-07-30,2
2000-08-01,7
2000-08-06,1
2000-08-07,1
2000-08-08,4
2000-08-15,2
2000-08-18,1
2000-08-21,1
2000-08-24,1
2000-08-28,3
2000-08-29,1
2000-08-30,2
2000-09-01,11
2000-09-04,1
2000-09-05,4
2000-09-06,2
2000-09-07,1
2000-09-11,2
2000-09-12,2
2000-09-15,1
2000-09-18,1
2000-09-19,4
2000-09-20,1
2000-09-26,1
2000-09-28,3
2000-09-29,1
2000-09-30,2
2000-10-01,9
2000-10-03,2
2000-10-05,2
2000-10-06,1
2000-10-09,1
2000-10-10,2
2000-10-14,1
2000-10-16,1
2000-10-17,4
2000-10-19,1
2000-10-28,52
2000-10-29,14
2000-10-30,45
2000-10-31,4
2000-11-01,4
2000-11-02,2
2000-11-05,8
2000-11-06,37
2000-11-07,2
2000-11-09,1
2000-11-10,1
2000-11-14,1
2000-11-16,1
2000-11-20,1
2000-11-24,1
2000-11-28,2
2000-11-30,2
2000-12-01,3
2000-12-05,2
2000-12-07,1
2000-12-10,1
2000-12-12,1
2000-12-16,1
2000-12-17,1
2000-12-19,1
2000-12-24,1
2000-12-26,1
2000-12-28,1
2000-12-31,1
2001-01-01,49
2001-01-04,2
2001-01-05,1
2001-01-09,1
2001-01-11,1
2001-01-15,1
2001-01-17,1
2001-01-28,1
2001-01-29,2
2001-01-30,1
2001-02-01,4
2001-02-12,1
2001-02-19,1
2001-02-20,1
2001-02-22,1
2001-02-24,1
2001-02-27,1
2001-03-01,7
2001-03-05,1
2001-03-19,3
2001-03-20,4
2001-03-27,1
2001-03-28,2
2001-03-30,1
2001-04-01,9
2001-04-03,2
2001-04-04,1
2001-04-10,2
2001-04-17,1
2001-04-18,1
2001-04-21,1
2001-04-23,2
2001-04-24,4
2001-04-25,1
2001-04-26,1
2001-04-30,3
2001-05-01,8
2001-05-02,1
2001-05-04,2
2001-05-06,1
2001-05-07,1
2001-05-08,3
2001-05-15,1
2001-05-21,1
2001-05-22,3
2001-05-28,2
2001-05-30,1
2001-06-01,10
2001-06-05,3
2001-06-07,2
2001-06-09,1
2001-06-12,2
2001-06-13,1
2001-06-15,1
2001-06-19,1
2001-06-23,2
2001-06-25,3
2001-06-26,3
2001-06-28,2
2001-06-29,1
2001-06-30,2
2001-07-01,9
2001-07-03,2
2001-07-16,1
2001-07-18,1
2001-07-19,2
2001-07-23,1
2001-07-31,1
2001-08-01,6
2001-08-02,1
2001-08-06,1
2001-08-07,1
2001-08-10,1
2001-08-17,1
2001-08-18,1
2001-08-21,1
2001-08-24,1
2001-08-27,2
2001-08-28,6
2001-08-30,2
2001-09-01,8
2001-09-03,1
2001-09-04,1
2001-09-05,1
2001-09-06,2
2001-09-10,2
2001-09-11,4
2001-09-15,3
2001-09-16,1
2001-09-18,1
2001-09-21,1
2001-09-25,1
2001-09-26,1
2001-09-27,1
2001-09-28,1
2001-09-30,1
2001-10-01,10
2001-10-02,3
2001-10-05,1
2001-10-06,1
2001-10-09,1
2001-10-15,1
2001-10-16,1
2001-10-23,1
2001-10-24,1
2001-10-26,1
2001-10-28,45
2001-10-29,21
2001-10-30,38
2001-11-01,3
2001-11-02,1
2001-11-05,8
2001-11-06,34
2001-11-08,2
2001-11-09,1
2001-11-13,1
2001-11-16,1
2001-11-19,2
2001-11-20,1
2001-11-27,1
2001-11-29,1
2001-11-30,3
2001-12-01,3
2001-12-03,1
2001-12-06,1
2001-12-08,1
2001-12-15,2
2001-12-16,1
2001-12-20,1
2001-12-24,1
2001-12-26,1
2001-12-31,2
2002-01-01,45
2002-01-02,2
2002-01-05,2
2002-01-06,1
2002-01-07,1
2002-01-10,1
2002-01-17,1
2002-01-18,2
2002-01-24,3
2002-01-25,1
2002-01-28,3
2002-01-29,4
2002-01-30,2
2002-01-31,1
2002-02-01,2
2002-02-02,1
2002-02-04,1
2002-02-05,1
2002-02-12,1
2002-02-26,1
2002-02-28,3
2002-03-01,8
2002-03-04,6
2002-03-05,2
2002-03-11,1
2002-03-13,1
2002-03-15,1
2002-03-18,1
2002-03-24,1
2002-03-26,1
2002-03-29,1
2002-03-31,1
2002-04-01,9
2002-04-02,1
2002-04-05,2
2002-04-06,1
2002-04-07,1
2002-04-16,2
2002-04-20,1
2002-04-23,1
2002-04-24,2
2002-04-28,2
2002-04-29,3
2002-04-30,2
2002-05-01,7
2002-05-03,1
2002-05-13,4
2002-05-14,2
2002-05-15,1
2002-05-17,1
2002-05-20,1
2002-05-24,1
2002-05-27,2
2002-05-28,1
2002-05-29,1
2002-05-30,1
2002-05-31,1
2002-06-01,6
2002-06-03,2
2002-06-04,2
2002-06-06,2
2002-06-07,1
2002-06-10,1
2002-06-14,1
2002-06-15,1
2002-06-18,1
2002-06-19,1
2002-06-20,1
2002-06-25,1
2002-06-28,2
2002-07-01,5
2002-07-02,1
2002-07-03,1
2002-07-05,1
2002-07-07,1
2002-07-10,1
2002-07-18,1
2002-07-19,1
2002-07-23,2
2002-07-24,1
2002-07-25,1
2002-07-26,1
2002-07-28,1
2002-07-30,1
2002-07-31,1
2002-08-01,4
2002-08-02,1
2002-08-03,1
2002-08-06,1
2002-08-09,2
2002-08-13,2
2002-08-16,1
2002-08-24,1
2002-08-26,2
2002-08-27,4
2002-08-28,1
2002-09-01,11
2002-09-02,3
2002-09-03,1
2002-09-04,3
2002-09-05,1
2002-09-06,1
2002-09-10,1
2002-09-12,1
2002-09-15,1
2002-09-17,2
2002-09-20,1
2002-09-21,1
2002-09-23,1
2002-09-24,4
2002-09-25,1
2002-09-27,2
2002-09-30,6
2002-10-01,17
2002-10-02,2
2002-10-03,1
2002-10-07,2
2002-10-08,2
2002-10-10,1
2002-10-12,1
2002-10-13,1
2002-10-15,2
2002-10-17,2
2002-10-18,1
2002-10-21,1
2002-10-22,1
2002-10-28,56
2002-10-29,17
2002-10-30,53
2002-11-01,4
2002-11-04,4
2002-11-05,12
2002-11-06,29
2002-11-18,1
2002-11-21,1
2002-11-24,1
2002-11-25,1
2002-11-26,2
2002-11-28,1
2002-11-29,2
2002-12-01,1
2002-12-02,1
2002-12-03,2
2002-12-06,1
2002-12-08,1
2002-12-12,1
2002-12-15,1
2002-12-18,1
2002-12-20,3
2002-12-24,2
2002-12-28,1
2002-12-30,1
2002-12-31,2
2003-01-01,62
2003-01-02,3
2003-01-06,2
2003-01-07,2
2003-01-09,1
2003-01-10,1
2003-01-11,1
2003-01-12,1
2003-01-13,1
2003-01-21,2
2003-01-22,1
2003-01-23,1
2003-01-24,1
2003-01-25,1
2003-01-27,1
2003-01-28,5
2003-02-01,7
2003-02-03,1
2003-02-04,3
2003-02-06,3
2003-02-07,1
2003-02-17,1
2003-02-18,2
2003-02-19,2
2003-02-24,2
2003-02-25,4
2003-02-26,1
2003-02-28,2
2003-03-01,7
2003-03-02,1
2003-03-03,2
2003-03-04,4
2003-03-06,2
2003-03-13,1
2003-03-18,1
2003-03-19,1
2003-03-20,1
2003-03-21,1
2003-03-24,1
2003-03-25,2
2003-03-28,1
2003-03-30,1
2003-03-31,3
2003-04-01,6
2003-04-03,1
2003-04-06,2
2003-04-08,2
2003-04-09,1
2003-04-10,1
2003-04-14,3
2003-04-15,4
2003-04-17,1
2003-04-22,4
2003-04-24,1
2003-04-27,3
2003-04-28,1
2003-04-29,2
2003-04-30,1
2003-05-01,6
2003-05-06,2
2003-05-07,1
2003-05-12,1
2003-05-24,1
2003-05-29,2
2003-05-30,1
2003-05-31,1
2003-06-01,8
2003-06-02,2
2003-06-03,2
2003-06-04,1
2003-06-05,2
2003-06-06,1
2003-06-08,1
2003-06-09,1
2003-06-17,1
2003-06-19,1
2003-06-21,1
2003-06-24,1
2003-06-30,1
2003-07-01,11
2003-07-05,1
2003-07-08,1
2003-07-10,1
2003-07-14,1
2003-07-15,3
2003-07-17,3
2003-07-20,1
2003-07-23,2
2003-07-24,2
2003-07-29,1
2003-07-30,1
2003-07-31,2
2003-08-01,5
2003-08-02,1
2003-08-04,2
2003-08-05,3
2003-08-06,1
2003-08-07,1
2003-08-08,1
2003-08-09,1
2003-08-11,2
2003-08-12,2
2003-08-14,1
2003-08-19,1
2003-08-20,1
2003-08-25,2
2003-08-26,6
2003-08-27,1
2003-08-28,3
2003-08-30,1
2003-08-31,1
2003-09-01,15
2003-09-03,1
2003-09-05,1
2003-09-06,1
2003-09-08,1
2003-09-09,2
2003-09-15,2
2003-09-16,1
2003-09-19,1
2003-09-23,9
2003-09-28,1
2003-09-29,2
2003-09-30,6
2003-10-01,9
2003-10-02,1
2003-10-03,1
2003-10-06,2
2003-10-07,2
2003-10-13,1
2003-10-14,5
2003-10-15,1
2003-10-16,1
2003-10-19,1
2003-10-21,2
2003-10-25,1
2003-10-28,72
2003-10-29,19
2003-10-30,40
2003-11-01,7
2003-11-04,2
2003-11-05,11
2003-11-06,39
2003-11-08,2
2003-11-10,2
2003-11-12,1
2003-11-19,1
2003-11-21,2
2003-11-24,3
2003-11-25,2
2003-11-28,2
2003-11-30,3
2003-12-01,3
2003-12-02,4
2003-12-04,1
2003-12-09,3
2003-12-15,1
2003-12-16,1
2003-12-17,2
2003-12-19,2
2003-12-22,1
2003-12-25,1
2003-12-30,5
2003-12-31,1
2004-01-01,58
2004-01-03,3
2004-01-04,2
2004-01-06,5
2004-01-08,1
2004-01-09,2
2004-01-10,1
2004-01-19,1
2004-01-20,1
2004-01-23,1
2004-01-24,2
2004-01-27,2
2004-01-28,2
2004-01-29,1
2004-02-01,8
2004-02-02,1
2004-02-03,3
2004-02-09,2
2004-02-10,1
2004-02-11,1
2004-02-12,1
2004-02-17,2
2004-02-18,1
2004-02-23,2
2004-02-24,2
2004-02-25,2
2004-02-29,2
2004-03-01,6
2004-03-02,4
2004-03-04,1
2004-03-06,1
2004-03-08,2
2004-03-10,1
2004-03-14,1
2004-03-16,2
2004-03-22,2
2004-03-23,1
2004-03-24,1
2004-03-25,1
2004-03-28,1
2004-03-30,2
2004-04-01,9
2004-04-02,3
2004-04-05,4
2004-04-06,1
2004-04-07,2
2004-04-13,3
2004-04-15,1
2004-04-16,1
2004-04-17,1
2004-04-19,2
2004-04-22,1
2004-04-24,1
2004-04-26,2
2004-04-27,6
2004-04-29,2
2004-04-30,1
2004-05-01,6
2004-05-03,1
2004-05-04,4
2004-05-05,3
2004-05-08,1
2004-05-10,1
2004-05-11,3
2004-05-19,1
2004-05-20,1
2004-05-24,1
2004-05-25,2
2004-05-28,3
2004-06-01,14
2004-06-03,1
2004-06-04,1
2004-06-06,1
2004-06-07,3
2004-06-08,1
2004-06-09,1
2004-06-11,1
2004-06-15,1
2004-06-17,5
2004-06-18,2
2004-06-22,2
2004-06-28,2
2004-06-29,6
2004-06-30,3
2004-07-01,3
2004-07-02,1
2004-07-06,3
2004-07-15,1
2004-07-23,1
2004-07-27,4
2004-07-28,1
2004-07-31,1
2004-08-01,3
2004-08-03,7
2004-08-05,2
2004-08-10,1
2004-08-16,1
2004-08-17,4
2004-08-18,1
2004-08-19,1
2004-08-23,1
2004-08-24,2
2004-08-25,2
2004-08-26,2
2004-08-28,1
2004-08-29,1
2004-08-30,1
2004-08-31,3
2004-09-01,15
2004-09-02,3
2004-09-03,1
2004-09-04,1
2004-09-06,1
2004-09-07,3
2004-09-09,1
2004-09-14,3
2004-09-15,3
2004-09-16,1
2004-09-17,1
2004-09-20,2
2004-09-21,3
2004-09-23,2
2004-09-24,1
2004-09-25,2
2004-09-28,6
2004-09-30,2
2004-10-01,8
2004-10-04,5
2004-10-05,6
2004-10-07,2
2004-10-10,1
2004-10-12,2
2004-10-18,1
2004-10-19,1
2004-10-26,4
2004-10-27,1
2004-10-28,57
2004-10-29,22
2004-10-30,45
2004-10-31,2
2004-11-01,11
2004-11-02,2
2004-11-04,1
2004-11-05,8
2004-11-06,40
2004-11-08,2
2004-11-09,2
2004-11-12,3
2004-11-18,2
2004-11-22,3
2004-11-23,1
2004-11-24,2
2004-11-27,1
2004-11-28,1
2004-11-30,3
2004-12-01,3
2004-12-03,1
2004-12-06,1
2004-12-07,1
2004-12-08,1
2004-12-09,1
2004-12-15,1
2004-12-16,4
2004-12-18,1
2004-12-21,1
2004-12-27,1
2004-12-28,5
2004-12-29,2
2004-12-31,2
2005-01-01,84
2005-01-02,2
2005-01-03,1
2005-01-04,2
2005-01-06,2
2005-01-10,1
2005-01-11,2
2005-01-15,2
2005-01-17,2
2005-01-25,3
2005-01-26,1
2005-01-30,1
2005-01-31,1
2005-02-01,9
2005-02-03,1
2005-02-04,2
2005-02-07,1
2005-02-08,3
2005-02-14,1
2005-02-15,1
2005-02-17,3
2005-02-19,1
2005-02-22,1
2005-02-25,1
2005-02-28,2
2005-03-01,15
2005-03-02,1
2005-03-03,6
2005-03-05,2
2005-03-06,1
2005-03-08,1
2005-03-10,1
2005-03-15,2
2005-03-17,2
2005-03-22,1
2005-03-24,1
2005-03-28,1
2005-03-29,2
2005-03-30,1
2005-03-31,1
2005-04-01,9
2005-04-02,1
2005-04-03,1
2005-04-04,2
2005-04-05,2
2005-04-07,1
2005-04-08,1
2005-04-11,3
2005-04-12,2
2005-04-13,1
2005-04-14,1
2005-04-21,2
2005-04-24,2
2005-04-26,5
2005-04-28,3
2005-04-30,2
2005-05-01,5
2005-05-02,2
2005-05-03,5
2005-05-04,1
2005-05-05,2
2005-05-10,1
2005-05-11,1
2005-05-12,1
2005-05-16,2
2005-05-17,6
2005-05-18,1
2005-05-19,1
2005-05-24,3
2005-05-26,2
2005-05-29,1
2005-05-31,6
2005-06-01,6
2005-06-04,2
2005-06-06,2
2005-06-07,2
2005-06-13,1
2005-06-14,2
2005-06-15,1
2005-06-21,2
2005-06-23,1
2005-06-24,1
2005-06-25,1
2005-06-27,1
2005-06-28,4
2005-06-29,1
2005-06-30,2
2005-07-01,7
2005-07-05,5
2005-07-07,2
2005-07-08,1
2005-07-11,2
2005-07-12,1
2005-07-19,2
2005-07-21,1
2005-07-25,1
2005-07-26,5
2005-07-30,1
2005-08-01,5
2005-08-02,3
2005-08-06,1
2005-08-08,1
2005-08-09,1
2005-08-11,2
2005-08-15,1
2005-08-16,1
2005-08-17,1
2005-08-18,3
2005-08-19,1
2005-08-23,7
2005-08-24,1
2005-08-25,1
2005-08-26,2
2005-08-29,4
2005-08-30,9
2005-08-31,1
2005-09-01,13
2005-09-02,1
2005-09-06,3
2005-09-08,2
2005-09-12,1
2005-09-13,1
2005-09-16,1
2005-09-20,2
2005-09-21,1
2005-09-22,1
2005-09-27,7
2005-09-30,1
2005-10-01,16
2005-10-03,6
2005-10-04,6
2005-10-05,3
2005-10-06,1
2005-10-11,1
2005-10-14,1
2005-10-17,5
2005-10-18,2
2005-10-19,1
2005-10-24,2
2005-10-25,5
2005-10-26,2
2005-10-27,1
2005-10-28,57
2005-10-29,16
2005-10-30,39
2005-11-01,10
2005-11-02,2
2005-11-03,1
2005-11-05,6
2005-11-06,32
2005-11-07,1
2005-11-08,1
2005-11-14,1
2005-11-15,1
2005-11-21,1
2005-11-22,1
2005-11-23,1
2005-11-25,2
2005-11-29,4
2005-11-30,2
2005-12-01,5
2005-12-02,1
2005-12-05,1
2005-12-08,1
2005-12-10,1
2005-12-13,2
2005-12-14,2
2005-12-15,1
2005-12-20,1
2005-12-21,1
2005-12-24,2
2005-12-27,7
2005-12-29,1
2006-01-01,86
2006-01-02,1
2006-01-03,2
2006-01-05,1
2006-01-06,2
2006-01-09,1
2006-01-10,3
2006-01-16,1
2006-01-17,1
2006-01-20,1
2006-01-23,1
2006-01-24,5
2006-01-25,2
2006-01-27,1
2006-01-28,1
2006-01-29,2
2006-01-30,2
2006-01-31,5
2006-02-01,5
2006-02-02,1
2006-02-04,1
2006-02-06,2
2006-02-07,4
2006-02-10,1
2006-02-13,2
2006-02-14,3
2006-02-15,1
2006-02-16,2
2006-02-21,1
2006-02-28,5
2006-03-01,8
2006-03-02,1
2006-03-06,2
2006-03-07,5
2006-03-14,1
2006-03-15,1
2006-03-16,1
2006-03-20,1
2006-03-21,2
2006-03-23,1
2006-03-24,1
2006-03-27,1
2006-03-28,7
2006-03-30,2
2006-04-01,13
2006-04-03,1
2006-04-04,5
2006-04-05,1
2006-04-06,5
2006-04-11,4
2006-04-13,1
2006-04-14,2
2006-04-18,2
2006-04-20,1
2006-04-24,1
2006-04-25,12
2006-04-28,3
2006-04-29,1
2006-05-01,12
2006-05-02,9
2006-05-04,2
2006-05-09,7
2006-05-10,2
2006-05-11,1
2006-05-16,2
2006-05-18,3
2006-05-22,2
2006-05-23,6
2006-05-24,1
2006-05-25,1
2006-05-28,3
2006-05-30,7
2006-05-31,1
2006-06-01,8
2006-06-06,7
2006-06-07,2
2006-06-08,2
2006-06-12,2
2006-06-13,1
2006-06-16,1
2006-06-17,1
2006-06-20,3
2006-06-22,1
2006-06-26,2
2006-06-27,9
2006-06-28,1
2006-06-30,1
2006-07-01,9
2006-07-03,2
2006-07-04,3
2006-07-05,1
2006-07-06,2
2006-07-11,3
2006-07-14,2
2006-07-15,1
2006-07-17,2
2006-07-18,2
2006-07-19,1
2006-07-24,2
2006-07-25,4
2006-07-26,1
2006-07-28,2
2006-07-30,1
2006-07-31,1
2006-08-01,10
2006-08-02,1
2006-08-03,1
2006-08-05,1
2006-08-08,3
2006-08-15,2
2006-08-17,1
2006-08-21,1
2006-08-22,5
2006-08-24,1
2006-08-27,1
2006-08-28,2
2006-08-29,6
2006-08-30,1
2006-08-31,1
2006-09-01,9
2006-09-04,3
2006-09-05,9
2006-09-06,1
2006-09-07,5
2006-09-12,9
2006-09-13,1
2006-09-15,1
2006-09-17,3
2006-09-18,1
2006-09-19,3
2006-09-20,1
2006-09-21,4
2006-09-25,2
2006-09-26,8
2006-09-27,2
2006-09-28,5
2006-09-29,1
2006-09-30,2
2006-10-01,10
2006-10-02,2
2006-10-03,13
2006-10-04,2
2006-10-05,3
2006-10-08,1
2006-10-09,2
2006-10-10,2
2006-10-11,1
2006-10-12,1
2006-10-13,2
2006-10-16,1
2006-10-17,4
2006-10-18,3
2006-10-19,2
2006-10-21,1
2006-10-24,7
2006-10-25,1
2006-10-28,63
2006-10-29,29
2006-10-30,51
2006-10-31,4
2006-11-01,11
2006-11-03,1
2006-11-05,9
2006-11-06,39
2006-11-07,5
2006-11-08,1
2006-11-13,1
2006-11-17,1
2006-11-21,2
2006-11-22,1
2006-11-23,1
2006-11-24,1
2006-11-28,3
2006-11-30,1
2006-12-01,7
2006-12-05,5
2006-12-06,2
2006-12-07,1
2006-12-12,2
2006-12-15,1
2006-12-19,2
2006-12-24,1
2006-12-26,6
2006-12-28,2
2007-01-01,101
2007-01-02,7
2007-01-04,3
2007-01-05,1
2007-01-07,1
2007-01-08,4
2007-01-09,7
2007-01-10,1
2007-01-15,1
2007-01-18,1
2007-01-19,1
2007-01-23,4
2007-01-24,1
2007-01-25,1
2007-01-28,1
2007-01-29,1
2007-01-30,5
2007-02-01,6
2007-02-06,4
2007-02-12,1
2007-02-13,5
2007-02-14,1
2007-02-15,1
2007-02-20,2
2007-02-22,1
2007-02-24,2
2007-02-27,7
2007-02-28,1
2007-03-01,9
2007-03-05,4
2007-03-06,8
2007-03-07,2
2007-03-13,4
2007-03-15,5
2007-03-17,1
2007-03-20,4
2007-03-22,2
2007-03-23,1
2007-03-24,2
2007-03-26,2
2007-03-27,9
2007-03-28,2
2007-03-29,1
2007-03-30,1
2007-03-31,1
2007-04-01,7
2007-04-02,1
2007-04-03,7
2007-04-05,1
2007-04-09,1
2007-04-10,2
2007-04-11,2
2007-04-12,2
2007-04-15,1
2007-04-16,1
2007-04-17,5
2007-04-19,1
2007-04-20,1
2007-04-23,1
2007-04-24,14
2007-04-26,1
2007-04-28,1
2007-05-01,38
2007-05-02,3
2007-05-03,1
2007-05-07,3
2007-05-08,6
2007-05-10,1
2007-05-14,1
2007-05-15,3
2007-05-17,1
2007-05-21,2
2007-05-22,5
2007-05-25,1
2007-05-26,1
2007-05-27,1
2007-05-28,2
2007-05-29,6
2007-05-30,2
2007-06-01,18
2007-06-05,8
2007-06-06,2
2007-06-07,2
2007-06-10,1
2007-06-12,5
2007-06-19,2
2007-06-21,3
2007-06-26,6
2007-06-28,1
2007-06-30,2
2007-07-01,9
2007-07-02,6
2007-07-03,7
2007-07-05,4
2007-07-06,1
2007-07-10,3
2007-07-17,1
2007-07-21,1
2007-07-24,4
2007-07-25,1
2007-07-26,1
2007-07-27,1
2007-07-31,7
2007-08-01,2
2007-08-02,3
2007-08-03,1
2007-08-05,1
2007-08-07,8
2007-08-13,3
2007-08-14,1
2007-08-16,2
2007-08-20,1
2007-08-21,12
2007-08-22,4
2007-08-23,3
2007-08-24,1
2007-08-25,1
2007-08-27,1
2007-08-28,9
2007-08-29,1
2007-08-30,2
2007-08-31,4
2007-09-01,14
2007-09-03,2
2007-09-04,6
2007-09-06,4
2007-09-07,1
2007-09-10,1
2007-09-11,3
2007-09-12,4
2007-09-13,1
2007-09-17,3
2007-09-18,4
2007-09-20,2
2007-09-22,1
2007-09-24,2
2007-09-25,15
2007-09-26,3
2007-09-27,1
2007-09-28,1
2007-09-29,2
2007-09-30,1
2007-10-01,13
2007-10-02,12
2007-10-04,3
2007-10-05,2
2007-10-08,1
2007-10-09,4
2007-10-11,1
2007-10-14,1
2007-10-15,2
2007-10-16,5
2007-10-17,1
2007-10-18,2
2007-10-20,1
2007-10-21,1
2007-10-23,5
2007-10-24,1
2007-10-28,46
2007-10-29,25
2007-10-30,55
2007-10-31,2
2007-11-01,10
2007-11-02,1
2007-11-03,1
2007-11-05,8
2007-11-06,42
2007-11-11,1
2007-11-13,2
2007-11-14,2
2007-11-20,3
2007-11-21,1
2007-11-24,2
2007-11-27,7
2007-11-28,1
2007-11-29,1
2007-11-30,1
2007-12-01,4
2007-12-04,2
2007-12-10,1
2007-12-11,1
2007-12-14,1
2007-12-15,2
2007-12-18,1
2007-12-25,2
2007-12-26,10
2007-12-27,1
2007-12-28,1
2007-12-29,1
2007-12-30,3
2007-12-31,2
2008-01-01,103
2008-01-02,4
2008-01-03,1
2008-01-05,1
2008-01-08,7
2008-01-10,1
2008-01-11,1
2008-01-15,1
2008-01-20,1
2008-01-22,2
2008-01-24,2
2008-01-28,1
2008-01-29,3
2008-01-31,2
2008-02-01,11
2008-02-02,1
2008-02-04,2
2008-02-05,8
2008-02-07,5
2008-02-09,1
2008-02-12,1
2008-02-18,1
2008-02-19,3
2008-02-21,1
2008-02-24,1
2008-02-25,1
2008-02-26,8
2008-03-01,8
2008-03-03,2
2008-03-04,8
2008-03-06,1
2008-03-10,1
2008-03-11,1
2008-03-13,3
2008-03-17,2
2008-03-18,5
2008-03-20,1
2008-03-24,2
2008-03-25,8
2008-03-27,1
2008-03-30,4
2008-03-31,2
2008-04-01,17
2008-04-02,1
2008-04-03,2
2008-04-04,1
2008-04-07,1
2008-04-08,7
2008-04-09,1
2008-04-10,2
2008-04-15,2
2008-04-17,4
2008-04-20,1
2008-04-21,2
2008-04-22,4
2008-04-23,1
2008-04-26,1
2008-04-28,4
2008-04-29,12
2008-04-30,1
2008-05-01,14
2008-05-03,1
2008-05-05,2
2008-05-06,7
2008-05-12,1
2008-05-13,10
2008-05-14,2
2008-05-15,2
2008-05-20,4
2008-05-22,1
2008-05-24,1
2008-05-27,10
2008-05-28,3
2008-05-29,1
2008-05-30,1
2008-05-31,1
2008-06-01,11
2008-06-02,2
2008-06-03,9
2008-06-04,1
2008-06-05,2
2008-06-06,1
2008-06-09,1
2008-06-10,2
2008-06-13,1
2008-06-17,2
2008-06-23,1
2008-06-24,12
2008-06-25,1
2008-06-30,2
2008-07-01,15
2008-07-02,1
2008-07-03,2
2008-07-06,1
2008-07-07,3
2008-07-08,1
2008-07-10,1
2008-07-13,1
2008-07-14,1
2008-07-17,2
2008-07-22,1
2008-07-26,1
2008-07-28,2
2008-07-29,7
2008-08-01,6
2008-08-02,1
2008-08-04,2
2008-08-05,5
2008-08-06,2
2008-08-07,2
2008-08-08,1
2008-08-12,3
2008-08-14,2
2008-08-18,1
2008-08-19,3
2008-08-20,1
2008-08-21,1
2008-08-24,2
2008-08-26,8
2008-08-27,1
2008-08-28,2
2008-08-29,1
2008-08-30,1
2008-08-31,1
2008-09-01,20
2008-09-02,10
2008-09-03,1
2008-09-04,2
2008-09-05,1
2008-09-07,1
2008-09-08,3
2008-09-09,7
2008-09-11,1
2008-09-14,1
2008-09-15,2
2008-09-16,5
2008-09-18,4
2008-09-19,3
2008-09-20,2
2008-09-22,1
2008-09-23,4
2008-09-24,2
2008-09-28,2
2008-09-29,5
2008-09-30,10
2008-10-01,14
2008-10-02,1
2008-10-06,2
2008-10-07,7
2008-10-08,1
2008-10-09,1
2008-10-11,1
2008-10-14,8
2008-10-16,3
2008-10-20,1
2008-10-21,3
2008-10-28,66
2008-10-29,20
2008-10-30,43
2008-10-31,1
2008-11-01,7
2008-11-03,3
2008-11-04,6
2008-11-05,9
2008-11-06,35
2008-11-08,1
2008-11-09,1
2008-11-10,2
2008-11-11,4
2008-11-13,2
2008-11-17,2
2008-11-18,2
2008-11-24,1
2008-11-25,8
2008-11-28,1
2008-11-30,1
2008-12-01,5
2008-12-02,5
2008-12-03,1
2008-12-04,1
2008-12-07,1
2008-12-08,2
2008-12-09,1
2008-12-11,1
2008-12-17,2
2008-12-18,1
2008-12-20,1
2008-12-22,1
2008-12-23,8
2008-12-24,3
2008-12-25,1
2008-12-27,1
2008-12-29,1
2008-12-30,2
2009-01-01,119
2009-01-02,2
2009-01-03,1
2009-01-05,1
2009-01-06,8
2009-01-07,1
2009-01-08,1
2009-01-09,1
2009-01-10,1
2009-01-13,2
2009-01-15,1
2009-01-16,1
2009-01-17,3
2009-01-20,1
2009-01-22,2
2009-01-23,1
2009-01-24,3
2009-01-27,7
2009-01-28,2
2009-01-30,2
2009-02-01,4
2009-02-02,5
2009-02-03,6
2009-02-04,2
2009-02-05,2
2009-02-06,1
2009-02-09,1
2009-02-10,8
2009-02-11,1
2009-02-12,1
2009-02-16,1
2009-02-17,1
2009-02-20,1
2009-02-21,1
2009-02-23,1
2009-02-24,8
2009-02-28,1
2009-03-01,15
2009-03-02,2
2009-03-03,9
2009-03-05,2
2009-03-06,1
2009-03-08,1
2009-03-09,1
2009-03-10,4
2009-03-11,1
2009-03-13,2
2009-03-16,3
2009-03-17,3
2009-03-19,3
2009-03-20,2
2009-03-23,1
2009-03-24,7
2009-03-25,1
2009-03-26,1
2009-03-27,1
2009-03-29,1
2009-03-30,1
2009-03-31,7
2009-04-01,20
2009-04-02,5
2009-04-06,3
2009-04-07,4
2009-04-09,2
2009-04-10,1
2009-04-12,1
2009-04-13,1
2009-04-14,2
2009-04-15,3
2009-04-16,2
2009-04-20,1
2009-04-21,5
2009-04-22,1
2009-04-23,1
2009-04-24,2
2009-04-26,1
2009-04-27,1
2009-04-28,13
2009-04-29,1
2009-04-30,2
2009-05-01,11
2009-05-04,9
2009-05-05,12
2009-05-08,1
2009-05-11,1
2009-05-12,4
2009-05-14,4
2009-05-15,1
2009-05-19,4
2009-05-22,3
2009-05-25,1
2009-05-26,13
2009-05-28,2
2009-05-29,2
2009-05-30,2
2009-06-01,17
2009-06-02,9
2009-06-04,2
2009-06-05,1
2009-06-09,3
2009-06-11,1
2009-06-15,2
2009-06-16,5
2009-06-22,2
2009-06-23,5
2009-06-24,2
2009-06-25,3
2009-06-28,1
2009-06-30,8
2009-07-01,6
2009-07-02,4
2009-07-05,1
2009-07-07,11
2009-07-09,3
2009-07-10,1
2009-07-12,3
2009-07-13,1
2009-07-14,5
2009-07-15,4
2009-07-21,4
2009-07-23,1
2009-07-24,1
2009-07-28,5
2009-07-31,1
2009-08-01,10
2009-08-04,9
2009-08-05,3
2009-08-06,2
2009-08-07,1
2009-08-10,2
2009-08-11,7
2009-08-12,2
2009-08-18,8
2009-08-19,2
2009-08-20,4
2009-08-21,1
2009-08-24,2
2009-08-25,13
2009-08-27,1
2009-08-28,2
2009-08-29,3
2009-08-31,1
2009-09-01,28
2009-09-02,2
2009-09-03,3
2009-09-04,1
2009-09-08,6
2009-09-09,2
2009-09-10,1
2009-09-12,1
2009-09-14,3
2009-09-15,4
2009-09-16,2
2009-09-17,2
2009-09-21,3
2009-09-22,5
2009-09-23,2
2009-09-24,1
2009-09-25,1
2009-09-28,2
2009-09-29,12
2009-09-30,3
2009-10-01,22
2009-10-02,2
2009-10-05,5
2009-10-06,8
2009-10-08,2
2009-10-12,2
2009-10-13,8
2009-10-14,1
2009-10-15,4
2009-10-17,1
2009-10-18,1
2009-10-19,2
2009-10-20,4
2009-10-21,1
2009-10-23,2
2009-10-24,2
2009-10-26,2
2009-10-27,12
2009-10-28,51
2009-10-29,29
2009-10-30,39
2009-10-31,1
2009-11-01,10
2009-11-02,2
2009-11-03,10
2009-11-04,1
2009-11-05,10
2009-11-06,36
2009-11-08,1
2009-11-09,3
2009-11-10,3
2009-11-12,1
2009-11-13,1
2009-11-16,1
2009-11-17,1
2009-11-19,1
2009-11-20,1
2009-11-24,6
2009-11-25,1
2009-11-27,3
2009-11-28,2
2009-11-29,1
2009-11-30,1
2009-12-01,7
2009-12-03,1
2009-12-04,1
2009-12-07,1
2009-12-08,2
2009-12-09,1
2009-12-10,1
2009-12-14,3
2009-12-15,8
2009-12-16,1
2009-12-18,4
2009-12-22,5
2009-12-24,1
2009-12-28,2
2009-12-29,7
2009-12-30,1
2010-01-01,124
2010-01-02,1
2010-01-03,1
2010-01-04,1
2010-01-05,10
2010-01-06,1
2010-01-07,4
2010-01-08,3
2010-01-10,1
2010-01-11,2
2010-01-12,2
2010-01-17,1
2010-01-18,1
2010-01-19,3
2010-01-21,1
2010-01-23,1
2010-01-24,2
2010-01-25,1
2010-01-26,6
2010-01-27,1
2010-01-28,4
2010-01-29,2
2010-01-31,1
2010-02-01,8
2010-02-02,8
2010-02-03,1
2010-02-04,3
2010-02-05,1
2010-02-07,1
2010-02-09,2
2010-02-11,1
2010-02-15,2
2010-02-16,5
2010-02-17,1
2010-02-18,1
2010-02-19,1
2010-02-20,1
2010-02-23,4
2010-02-24,3
2010-02-25,1
2010-03-01,15
2010-03-02,9
2010-03-04,5
2010-03-05,3
2010-03-06,2
2010-03-09,10
2010-03-10,1
2010-03-15,2
2010-03-16,5
2010-03-17,3
2010-03-18,2
2010-03-22,2
2010-03-23,4
2010-03-24,3
2010-03-25,2
2010-03-30,9
2010-03-31,2
2010-04-01,12
2010-04-05,1
2010-04-06,11
2010-04-08,2
2010-04-10,2
2010-04-11,1
2010-04-12,1
2010-04-13,6
2010-04-15,2
2010-04-16,2
2010-04-20,1
2010-04-23,3
2010-04-24,1
2010-04-25,2
2010-04-26,1
2010-04-27,11
2010-04-28,1
2010-04-29,3
2010-04-30,2
2010-05-01,10
2010-05-03,2
2010-05-04,12
2010-05-05,1
2010-05-06,2
2010-05-07,1
2010-05-10,2
2010-05-11,6
2010-05-13,2
2010-05-18,7
2010-05-19,2
2010-05-21,1
2010-05-25,13
2010-05-26,4
2010-05-27,4
2010-05-29,1
2010-05-30,2
2010-05-31,1
2010-06-01,15
2010-06-03,1
2010-06-07,3
2010-06-08,5
2010-06-09,1
2010-06-10,1
2010-06-11,1
2010-06-14,2
2010-06-15,5
2010-06-16,2
2010-06-18,2
2010-06-21,1
2010-06-22,6
2010-06-24,2
2010-06-26,1
2010-06-29,9
2010-06-30,3
2010-07-01,11
2010-07-02,2
2010-07-03,1
2010-07-05,3
2010-07-06,11
2010-07-08,4
2010-07-09,1
2010-07-12,1
2010-07-13,6
2010-07-17,2
2010-07-20,6
2010-07-21,1
2010-07-22,1
2010-07-23,1
2010-07-24,2
2010-07-27,6
2010-07-28,2
2010-07-29,2
2010-07-30,2
2010-07-31,2
2010-08-01,14
2010-08-02,2
2010-08-03,13
2010-08-05,1
2010-08-06,1
2010-08-08,1
2010-08-09,2
2010-08-10,5
2010-08-11,1
2010-08-12,1
2010-08-14,1
2010-08-15,2
2010-08-16,3
2010-08-17,1
2010-08-18,2
2010-08-19,3
2010-08-20,2
2010-08-23,1
2010-08-24,9
2010-08-27,1
2010-08-28,3
2010-08-30,1
2010-08-31,11
2010-09-01,21
2010-09-02,4
2010-09-03,2
2010-09-06,4
2010-09-07,16
2010-09-08,2
2010-09-10,1
2010-09-11,1
2010-09-13,1
2010-09-14,8
2010-09-15,3
2010-09-16,2
2010-09-17,1
2010-09-18,1
2010-09-21,7
2010-09-23,1
2010-09-25,2
2010-09-28,14
2010-09-29,4
2010-09-30,4
2010-10-01,18
2010-10-05,5
2010-10-06,2
2010-10-07,3
2010-10-08,1
2010-10-10,1
2010-10-12,15
2010-10-13,1
2010-10-14,4
2010-10-18,2
2010-10-19,7
2010-10-21,2
2010-10-24,2
2010-10-25,3
2010-10-26,7
2010-10-28,51
2010-10-29,17
2010-10-30,34
2010-11-01,12
2010-11-02,9
2010-11-03,2
2010-11-05,7
2010-11-06,34
2010-11-08,3
2010-11-09,5
2010-11-10,2
2010-11-11,2
2010-11-12,2
2010-11-15,2
2010-11-16,5
2010-11-18,1
2010-11-23,9
2010-11-24,1
2010-11-26,1
2010-11-28,3
2010-11-29,1
2010-11-30,9
2010-12-01,7
2010-12-02,2
2010-12-03,4
2010-12-06,4
2010-12-07,4
2010-12-08,1
2010-12-10,2
2010-12-11,2
2010-12-13,2
2010-12-14,2
2010-12-17,2
2010-12-20,1
2010-12-21,6
2010-12-22,2
2010-12-23,2
2010-12-24,1
2010-12-25,1
2010-12-28,12
2010-12-29,1
2011-01-01,104
2011-01-03,3
2011-01-04,12
2011-01-06,3
2011-01-07,1
2011-01-08,1
2011-01-09,1
2011-01-10,1
2011-01-11,5
2011-01-12,1
2011-01-13,1
2011-01-14,1
2011-01-15,3
2011-01-17,3
2011-01-18,4
2011-01-19,1
2011-01-20,2
2011-01-21,1
2011-01-24,4
2011-01-25,7
2011-01-27,3
2011-01-28,1
2011-02-01,17
2011-02-03,3
2011-02-04,1
2011-02-05,1
2011-02-06,1
2011-02-07,1
2011-02-08,6
2011-02-09,2
2011-02-10,1
2011-02-11,2
2011-02-12,1
2011-02-14,1
2011-02-15,6
2011-02-17,2
2011-02-22,7
2011-02-23,1
2011-02-24,4
2011-02-25,1
2011-02-26,1
2011-02-27,1
2011-02-28,2
2011-03-01,32
2011-03-03,4
2011-03-04,1
2011-03-05,2
2011-03-07,1
2011-03-08,5
2011-03-09,1
2011-03-10,3
2011-03-11,1
2011-03-13,1
2011-03-14,2
2011-03-15,3
2011-03-16,1
2011-03-17,2
2011-03-21,2
2011-03-22,8
2011-03-24,3
2011-03-27,2
2011-03-29,8
2011-03-31,1
2011-04-01,15
2011-04-03,1
2011-04-04,3
2011-04-05,15
2011-04-06,2
2011-04-07,2
2011-04-11,5
2011-04-12,8
2011-04-13,3
2011-04-14,6
2011-04-15,3
2011-04-18,1
2011-04-19,7
2011-04-20,5
2011-04-22,1
2011-04-23,2
2011-04-24,1
2011-04-25,2
2011-04-26,12
2011-04-27,1
2011-04-28,6
2011-04-29,4
2011-04-30,2
2011-05-01,11
2011-05-02,2
2011-05-03,17
2011-05-05,2
2011-05-06,2
2011-05-07,1
2011-05-08,1
2011-05-09,1
2011-05-10,11
2011-05-11,1
2011-05-12,3
2011-05-16,2
2011-05-17,8
2011-05-18,2
2011-05-21,1
2011-05-23,3
2011-05-24,8
2011-05-25,4
2011-05-26,7
2011-05-28,1
2011-05-30,2
2011-05-31,6
2011-06-01,12
2011-06-02,4
2011-06-06,3
2011-06-07,19
2011-06-09,3
2011-06-12,1
2011-06-13,1
2011-06-14,8
2011-06-15,3
2011-06-16,1
2011-06-17,1
2011-06-21,5
2011-06-23,2
2011-06-24,2
2011-06-25,2
2011-06-27,4
2011-06-28,8
2011-06-29,1
2011-06-30,1
2011-07-01,13
2011-07-04,1
2011-07-05,12
2011-07-07,3
2011-07-11,2
2011-07-12,8
2011-07-13,1
2011-07-14,1
2011-07-15,1
2011-07-19,4
2011-07-20,1
2011-07-21,2
2011-07-24,3
2011-07-25,1
2011-07-26,6
2011-07-27,2
2011-07-29,4
2011-07-30,1
2011-07-31,1
2011-08-01,17
2011-08-02,7
2011-08-03,3
2011-08-04,6
2011-08-05,1
2011-08-06,1
2011-08-07,1
2011-08-08,1
2011-08-09,9
2011-08-10,1
2011-08-12,1
2011-08-15,2
2011-08-16,2
2011-08-17,3
2011-08-19,3
2011-08-21,1
2011-08-23,11
2011-08-24,2
2011-08-26,1
2011-08-27,1
2011-08-29,4
2011-08-30,17
2011-08-31,3
2011-09-01,34
2011-09-02,1
2011-09-03,1
2011-09-04,2
2011-09-05,4
2011-09-06,12
2011-09-07,2
2011-09-08,1
2011-09-13,13
2011-09-14,1
2011-09-15,3
2011-09-16,1
2011-09-18,1
2011-09-19,1
2011-09-20,10
2011-09-22,1
2011-09-23,1
2011-09-24,3
2011-09-26,2
2011-09-27,21
2011-09-28,1
2011-09-29,6
2011-09-30,1
2011-10-01,13
2011-10-03,4
2011-10-04,16
2011-10-05,1
2011-10-06,2
2011-10-10,2
2011-10-11,10
2011-10-12,2
2011-10-13,3
2011-10-14,2
2011-10-15,1
2011-10-17,2
2011-10-18,10
2011-10-20,3
2011-10-22,4
2011-10-24,1
2011-10-25,17
2011-10-26,1
2011-10-27,2
2011-10-28,52
2011-10-29,20
2011-10-30,35
2011-10-31,1
2011-11-01,20
2011-11-02,3
2011-11-03,1
2011-11-04,1
2011-11-05,6
2011-11-06,27
2011-11-07,1
2011-11-08,8
2011-11-09,1
2011-11-11,1
2011-11-14,2
2011-11-15,5
2011-11-16,2
2011-11-17,2
2011-11-20,1
2011-11-22,8
2011-11-23,3
2011-11-24,2
2011-11-28,3
2011-11-29,4
2011-12-01,6
2011-12-04,3
2011-12-05,2
2011-12-06,6
2011-12-08,4
2011-12-11,1
2011-12-12,1
2011-12-13,3
2011-12-14,3
2011-12-19,1
2011-12-22,2
2011-12-23,2
2011-12-24,3
2011-12-25,1
2011-12-27,8
2011-12-28,1
2011-12-29,2
2011-12-30,1
2011-12-31,2
2012-01-01,83
2012-01-02,4
2012-01-03,13
2012-01-05,3
2012-01-06,3
2012-01-07,3
2012-01-08,2
2012-01-09,1
2012-01-10,9
2012-01-11,2
2012-01-12,2
2012-01-13,3
2012-01-16,1
2012-01-17,8
2012-01-19,2
2012-01-22,2
2012-01-24,16
2012-01-25,2
2012-01-26,1
2012-01-29,1
2012-01-30,2
2012-01-31,12
2012-02-01,12
2012-02-02,7
2012-02-04,2
2012-02-05,1
2012-02-06,1
2012-02-07,6
2012-02-08,2
2012-02-12,1
2012-02-14,6
2012-02-15,1
2012-02-16,2
2012-02-17,1
2012-02-21,9
2012-02-22,1
2012-02-24,1
2012-02-26,1
2012-02-27,1
2012-02-28,18
2012-02-29,3
2012-03-01,12
2012-03-03,1
2012-03-04,2
2012-03-06,16
2012-03-07,1
2012-03-09,2
2012-03-10,1
2012-03-11,2
2012-03-12,2
2012-03-13,8
2012-03-14,1
2012-03-15,4
2012-03-19,1
2012-03-20,6
2012-03-21,2
2012-03-22,2
2012-03-24,1
2012-03-25,1
2012-03-26,1
2012-03-27,15
2012-03-28,3
2012-03-29,3
2012-03-30,1
2012-03-31,1
2012-04-01,7
2012-04-02,1
2012-04-03,17
2012-04-05,2
2012-04-06,1
2012-04-08,1
2012-04-09,1
2012-04-10,6
2012-04-12,1
2012-04-13,1
2012-04-14,1
2012-04-15,1
2012-04-16,1
2012-04-17,10
2012-04-18,1
2012-04-19,2
2012-04-20,1
2012-04-21,1
2012-04-23,5
2012-04-24,21
2012-04-25,2
2012-04-26,1
2012-04-27,2
2012-04-28,1
2012-04-29,2
2012-04-30,1
2012-05-01,31
2012-05-02,1
2012-05-03,3
2012-05-06,1
2012-05-08,16
2012-05-10,5
2012-05-14,2
2012-05-15,8
2012-05-17,1
2012-05-18,1
2012-05-19,1
2012-05-21,1
2012-05-22,8
2012-05-23,1
2012-05-24,4
2012-05-25,2
2012-05-28,3
2012-05-29,10
2012-05-31,3
2012-06-01,7
2012-06-03,1
2012-06-04,2
2012-06-05,10
2012-06-06,3
2012-06-07,1
2012-06-08,1
2012-06-09,1
2012-06-11,1
2012-06-12,9
2012-06-13,1
2012-06-14,2
2012-06-15,1
2012-06-16,1
2012-06-19,8
2012-06-20,1
2012-06-21,2
2012-06-24,3
2012-06-25,2
2012-06-26,8
2012-06-27,1
2012-06-30,2
2012-07-01,13
2012-07-02,1
2012-07-03,11
2012-07-04,1
2012-07-05,2
2012-07-06,1
2012-07-09,1
2012-07-10,13
2012-07-11,1
2012-07-15,1
2012-07-17,7
2012-07-18,1
2012-07-19,3
2012-07-20,2
2012-07-22,1
2012-07-24,8
2012-07-25,3
2012-07-26,3
2012-07-28,2
2012-07-29,3
2012-07-31,9
2012-08-01,15
2012-08-02,3
2012-08-06,2
2012-08-07,10
2012-08-08,2
2012-08-09,1
2012-08-10,1
2012-08-12,1
2012-08-13,2
2012-08-14,8
2012-08-15,3
2012-08-16,3
2012-08-18,2
2012-08-19,1
2012-08-20,2
2012-08-21,14
2012-08-22,1
2012-08-23,2
2012-08-24,4
2012-08-26,1
2012-08-27,1
2012-08-28,27
2012-08-30,9
2012-08-31,2
2012-09-01,20
2012-09-02,3
2012-09-03,1
2012-09-04,19
2012-09-06,4
2012-09-07,1
2012-09-08,1
2012-09-10,1
2012-09-11,7
2012-09-13,7
2012-09-14,2
2012-09-15,1
2012-09-16,2
2012-09-17,3
2012-09-18,11
2012-09-19,2
2012-09-20,1
2012-09-21,1
2012-09-22,2
2012-09-24,5
2012-09-25,8
2012-09-26,7
2012-09-27,8
2012-09-28,1
2012-09-30,4
2012-10-01,17
2012-10-02,24
2012-10-03,1
2012-10-04,1
2012-10-05,1
2012-10-09,11
2012-10-10,3
2012-10-11,4
2012-10-12,4
2012-10-15,1
2012-10-16,9
2012-10-18,2
2012-10-20,3
2012-10-21,1
2012-10-22,2
2012-10-23,14
2012-10-24,3
2012-10-27,1
2012-10-28,27
2012-10-29,12
2012-10-30,54
2012-10-31,2
2012-11-01,12
2012-11-02,1
2012-11-04,1
2012-11-05,5
2012-11-06,35
2012-11-07,1
2012-11-08,4
2012-11-10,2
2012-11-12,2
2012-11-13,13
2012-11-14,1
2012-11-15,3
2012-11-16,1
2012-11-18,1
2012-11-20,8
2012-11-21,2
2012-11-22,2
2012-11-23,1
2012-11-24,1
2012-11-25,2
2012-11-26,1
2012-11-27,11
2012-11-28,2
2012-11-29,3
2012-11-30,1
2012-12-01,4
2012-12-02,2
2012-12-04,4
2012-12-05,2
2012-12-06,5
2012-12-07,1
2012-12-10,1
2012-12-11,6
2012-12-12,1
2012-12-13,5
2012-12-14,3
2012-12-15,1
2012-12-17,1
2012-12-18,6
2012-12-19,1
2012-12-20,2
2012-12-21,4
2012-12-24,3
2012-12-25,1
2012-12-26,3
2012-12-27,2
2012-12-30,3
2012-12-31,6
2013-01-01,90
2013-01-02,4
2013-01-03,6
2013-01-04,4
2013-01-06,1
2013-01-07,1
2013-01-08,7
2013-01-09,1
2013-01-10,3
2013-01-11,3
2013-01-12,2
2013-01-15,5
2013-01-16,1
2013-01-17,2
2013-01-18,2
2013-01-21,1
2013-01-22,10
2013-01-24,3
2013-01-25,1
2013-01-26,1
2013-01-28,6
2013-01-29,11
2013-01-30,2
2013-02-01,8
2013-02-03,1
2013-02-05,16
2013-02-06,2
2013-02-07,1
2013-02-10,2
2013-02-11,2
2013-02-12,8
2013-02-13,1
2013-02-14,2
2013-02-15,2
2013-02-16,2
2013-02-17,1
2013-02-18,1
2013-02-19,2
2013-02-20,2
2013-02-21,1
2013-02-24,2
2013-02-25,3
2013-02-26,11
2013-02-28,4
2013-03-01,7
2013-03-02,1
2013-03-03,1
2013-03-04,1
2013-03-05,19
2013-03-06,1
2013-03-07,9
2013-03-08,1
2013-03-10,1
2013-03-11,3
2013-03-12,10
2013-03-13,3
2013-03-14,5
2013-03-15,1
2013-03-17,3
2013-03-19,8
2013-03-20,3
2013-03-21,2
2013-03-22,1
2013-03-24,3
2013-03-25,2
2013-03-26,12
2013-03-27,1
2013-03-28,2
2013-03-29,1
2013-03-30,1
2013-04-01,11
2013-04-02,18
2013-04-04,5
2013-04-05,3
2013-04-06,2
2013-04-07,2
2013-04-08,5
2013-04-09,6
2013-04-12,2
2013-04-13,1
2013-04-14,2
2013-04-15,1
2013-04-16,10
2013-04-17,1
2013-04-18,2
2013-04-20,1
2013-04-22,2
2013-04-23,12
2013-04-24,1
2013-04-25,2
2013-04-26,3
2013-04-28,18
2013-04-29,2
2013-04-30,3
2013-05-01,5
2013-05-02,5
2013-05-03,2
2013-05-04,1
2013-05-06,1
2013-05-07,23
2013-05-09,3
2013-05-10,1
2013-05-12,1
2013-05-13,2
2013-05-14,8
2013-05-15,1
2013-05-17,2
2013-05-18,1
2013-05-19,3
2013-05-20,3
2013-05-21,7
2013-05-22,2
2013-05-23,5
2013-05-24,3
2013-05-25,1
2013-05-27,3
2013-05-28,15
2013-05-29,1
2013-05-30,3
2013-05-31,1
2013-06-01,10
2013-06-02,2
2013-06-03,3
2013-06-04,21
2013-06-06,5
2013-06-08,3
2013-06-09,3
2013-06-10,1
2013-06-11,8
2013-06-12,1
2013-06-13,1
2013-06-14,1
2013-06-16,2
2013-06-17,3
2013-06-18,7
2013-06-19,5
2013-06-20,1
2013-06-21,2
2013-06-22,3
2013-06-23,1
2013-06-24,2
2013-06-25,10
2013-06-26,3
2013-06-27,2
2013-06-28,1
2013-06-30,2
2013-07-01,6
2013-07-02,12
2013-07-03,1
2013-07-04,3
2013-07-06,1
2013-07-08,1
2013-07-09,6
2013-07-10,3
2013-07-13,1
2013-07-14,1
2013-07-15,2
2013-07-16,13
2013-07-17,2
2013-07-18,1
2013-07-21,2
2013-07-23,9
2013-07-24,5
2013-07-25,1
2013-07-27,2
2013-07-29,1
2013-07-30,10
2013-08-01,12
2013-08-03,1
2013-08-05,2
2013-08-06,8
2013-08-08,2
2013-08-10,1
2013-08-12,1
2013-08-13,11
2013-08-15,4
2013-08-16,2
2013-08-17,2
2013-08-18,1
2013-08-20,8
2013-08-23,3
2013-08-24,2
2013-08-25,2
2013-08-26,2
2013-08-27,14
2013-08-28,4
2013-08-29,5
2013-08-30,2
2013-08-31,1
2013-09-01,5
2013-09-02,3
2013-09-03,19
2013-09-04,6
2013-09-05,4
2013-09-06,2
2013-09-07,2
2013-09-08,1
2013-09-09,3
2013-09-10,13
2013-09-11,1
2013-09-12,4
2013-09-13,1
2013-09-15,2
2013-09-16,4
2013-09-17,18
2013-09-18,1
2013-09-19,1
2013-09-20,3
2013-09-21,1
2013-09-23,3
2013-09-24,18
2013-09-25,4
2013-09-26,7
2013-09-27,2
2013-09-28,1
2013-09-30,4
2013-10-01,21
2013-10-02,1
2013-10-03,3
2013-10-07,1
2013-10-08,12
2013-10-09,3
2013-10-10,3
2013-10-11,2
2013-10-13,1
2013-10-14,4
2013-10-15,13
2013-10-16,1
2013-10-19,1
2013-10-20,2
2013-10-21,1
2013-10-22,12
2013-10-23,1
2013-10-24,3
2013-10-26,2
2013-10-28,28
2013-10-29,23
2013-10-30,21
2013-11-01,5
2013-11-02,2
2013-11-05,20
2013-11-06,13
2013-11-07,6
2013-11-09,1
2013-11-10,3
2013-11-11,3
2013-11-12,3
2013-11-14,1
2013-11-17,3
2013-11-18,1
2013-11-19,3
2013-11-20,2
2013-11-24,1
2013-11-25,1
2013-11-26,5
2013-11-27,2
2013-11-29,1
2013-11-30,4
2013-12-01,3
2013-12-02,1
2013-12-03,7
2013-12-05,5
2013-12-06,2
2013-12-09,2
2013-12-10,5
2013-12-11,1
2013-12-12,2
2013-12-13,2
2013-12-14,1
2013-12-15,1
2013-12-16,2
2013-12-17,5
2013-12-19,2
2013-12-22,1
2013-12-24,3
2013-12-25,2
2013-12-26,3
2013-12-29,2
2013-12-30,1
2013-12-31,5
2014-01-01,33
2014-01-02,4
2014-01-03,2
2014-01-04,1
2014-01-06,4
2014-01-07,14
2014-01-12,1
2014-01-14,9
2014-01-16,2
2014-01-17,2
2014-01-18,2
2014-01-19,1
2014-01-20,2
2014-01-21,3
2014-01-22,2
2014-01-23,1
2014-01-24,2
2014-01-25,2
2014-01-26,2
2014-01-27,1
2014-01-28,11
2014-01-30,3
2014-02-01,5
2014-02-03,1
2014-02-04,17
2014-02-05,4
2014-02-06,2
2014-02-07,1
2014-02-09,1
2014-02-11,9
2014-02-12,3
2014-02-13,2
2014-02-14,3
2014-02-15,2
2014-02-17,2
2014-02-18,8
2014-02-19,1
2014-02-20,4
2014-02-21,2
2014-02-22,1
2014-02-23,1
2014-02-25,13
2014-02-26,4
2014-02-27,3
2014-02-28,4
2014-03-01,4
2014-03-03,3
2014-03-04,21
2014-03-06,3
2014-03-07,2
2014-03-08,3
2014-03-09,1
2014-03-10,2
2014-03-11,9
2014-03-12,1
2014-03-13,5
2014-03-14,1
2014-03-15,1
2014-03-16,1
2014-03-17,2
2014-03-18,6
2014-03-19,3
2014-03-20,1
2014-03-21,1
2014-03-24,2
2014-03-25,11
2014-03-26,1
2014-03-27,4
2014-03-28,1
2014-03-30,1
2014-03-31,3
2014-04-01,16
2014-04-02,1
2014-04-03,1
2014-04-05,1
2014-04-07,2
2014-04-08,12
2014-04-09,1
2014-04-10,5
2014-04-14,1
2014-04-15,8
2014-04-16,1
2014-04-18,2
2014-04-19,1
2014-04-20,2
2014-04-22,5
2014-04-23,2
2014-04-24,3
2014-04-26,1
2014-04-29,8
2014-05-01,9
2014-05-03,1
2014-05-04,1
2014-05-05,2
2014-05-06,20
2014-05-07,2
2014-05-08,6
2014-05-09,2
2014-05-10,1
2014-05-12,4
2014-05-13,9
2014-05-14,2
2014-05-15,4
2014-05-17,1
2014-05-18,1
2014-05-19,2
2014-05-20,8
2014-05-22,1
2014-05-24,1
2014-05-26,3
2014-05-27,9
2014-05-28,2
2014-05-29,3
2014-05-30,1
2014-05-31,1
2014-06-01,6
2014-06-03,11
2014-06-04,1
2014-06-05,3
2014-06-08,2
2014-06-10,4
2014-06-12,4
2014-06-13,1
2014-06-15,2
2014-06-16,2
2014-06-17,11
2014-06-18,1
2014-06-19,3
2014-06-23,1
2014-06-24,12
2014-06-25,2
2014-06-26,3
2014-06-27,2
2014-06-28,1
2014-06-29,1
2014-06-30,3
2014-07-01,12
2014-07-02,2
2014-07-03,7
2014-07-04,1
2014-07-06,1
2014-07-07,2
2014-07-08,12
2014-07-09,1
2014-07-10,1
2014-07-11,1
2014-07-12,1
2014-07-14,3
2014-07-15,10
2014-07-17,3
2014-07-19,2
2014-07-20,2
2014-07-21,2
2014-07-22,4
2014-07-24,5
2014-07-26,2
2014-07-27,1
2014-07-29,10
2014-07-31,4
2014-08-01,4
2014-08-02,1
2014-08-03,2
2014-08-05,10
2014-08-06,1
2014-08-07,1
2014-08-08,3
2014-08-09,1
2014-08-11,4
2014-08-12,6
2014-08-14,6
2014-08-15,2
2014-08-17,1
2014-08-18,2
2014-08-19,3
2014-08-20,1
2014-08-22,1
2014-08-24,1
2014-08-25,2
2014-08-26,11
2014-08-27,1
2014-08-28,8
2014-08-30,1
2014-09-01,4
2014-09-02,21
2014-09-04,5
2014-09-06,3
2014-09-09,9
2014-09-10,1
2014-09-11,2
2014-09-14,1
2014-09-15,3
2014-09-16,13
2014-09-17,1
2014-09-18,1
2014-09-19,2
2014-09-23,8
2014-09-24,3
2014-09-25,3
2014-09-28,1
2014-09-29,2
2014-09-30,8
2014-10-01,1
2014-10-02,1
2014-10-03,2
2014-10-05,2
2014-10-06,1
2014-10-07,22
2014-10-08,2
2014-10-09,4
2014-10-12,2
2014-10-13,1
2014-10-14,18
2014-10-15,1
2014-10-16,1
2014-10-17,1
2014-10-18,1
2014-10-19,1
2014-10-21,14
2014-10-22,1
2014-10-23,2
2014-10-24,1
2014-10-27,3
2014-10-28,22
2014-10-29,7
2014-10-30,18
2014-10-31,1
2014-11-01,5
2014-11-03,1
2014-11-04,14
2014-11-05,5
2014-11-06,8
2014-11-07,2
2014-11-08,1
2014-11-11,7
2014-11-12,2
2014-11-14,1
2014-11-17,1
2014-11-18,4
2014-11-20,3
2014-11-24,4
2014-11-25,6
2014-11-28,1
2014-11-30,1
2014-12-01,1
2014-12-02,5
2014-12-03,1
2014-12-04,1
2014-12-06,2
2014-12-08,5
2014-12-09,5
2014-12-11,1
2014-12-12,2
2014-12-13,1
2014-12-14,1
2014-12-16,1
2014-12-17,1
2014-12-18,1
2014-12-20,1
2014-12-22,2
2014-12-23,3
2014-12-24,2
2014-12-25,1
2014-12-27,2
2014-12-29,1
2014-12-30,3
2015-01-01,8
2015-01-03,1
2015-01-05,1
2015-01-06,14
2015-01-07,3
2015-01-08,3
2015-01-13,7
2015-01-14,2
2015-01-15,6
2015-01-17,1
2015-01-18,1
2015-01-19,1
2015-01-20,7
2015-01-22,2
2015-01-24,2
2015-01-26,1
2015-01-27,11
2015-01-28,1
2015-01-29,1
2015-02-01,4
2015-02-02,1
2015-02-03,13
2015-02-04,1
2015-02-05,4
2015-02-09,1
2015-02-10,11
2015-02-12,2
2015-02-14,1
2015-02-16,3
2015-02-17,6
2015-02-18,2
2015-02-20,1
2015-02-23,1
2015-02-24,15
2015-02-26,3
2015-02-28,2
2015-03-01,6
2015-03-02,1
2015-03-03,16
2015-03-05,3
2015-03-06,1
2015-03-07,1
2015-03-10,10
2015-03-11,1
2015-03-12,1
2015-03-15,2
2015-03-17,6
2015-03-18,2
2015-03-19,1
2015-03-20,1
2015-03-21,1
2015-03-23,1
2015-03-24,10
2015-03-25,2
2015-03-26,3
2015-03-31,12
2015-04-01,5
2015-04-02,4
2015-04-03,2
2015-04-04,1
2015-04-05,1
2015-04-07,13
2015-04-09,2
2015-04-12,1
2015-04-13,1
2015-04-14,13
2015-04-16,2
2015-04-19,2
2015-04-21,15
2015-04-22,1
2015-04-23,2
2015-04-24,2
2015-04-27,2
2015-04-28,12
2015-04-29,2
2015-04-30,3
2015-05-01,2
2015-05-02,1
2015-05-03,1
2015-05-04,1
2015-05-05,16
2015-05-06,2
2015-05-07,2
2015-05-08,2
2015-05-10,1
2015-05-11,2
2015-05-12,5
2015-05-13,1
2015-05-15,2
2015-05-17,1
2015-05-18,1
2015-05-19,10
2015-05-21,1
2015-05-22,1
2015-05-25,2
2015-05-26,11
2015-05-27,2
2015-05-28,2
2015-05-29,1
2015-05-31,1
2015-06-01,1
2015-06-02,17
2015-06-04,4
2015-06-06,1
2015-06-08,1
2015-06-09,5
2015-06-10,1
2015-06-11,2
2015-06-12,1
2015-06-15,2
2015-06-16,3
2015-06-18,2
2015-06-20,1
2015-06-21,1
2015-06-22,1
2015-06-23,5
2015-06-27,1
2015-06-28,2
2015-06-29,1
2015-06-30,5
2015-07-01,2
2015-07-02,5
2015-07-03,2
2015-07-04,1
2015-07-07,10
2015-07-09,2
2015-07-10,1
2015-07-13,1
2015-07-14,6
2015-07-16,2
2015-07-20,1
2015-07-21,6
2015-07-22,1
2015-07-27,2
2015-07-28,6
2015-07-29,1
2015-07-30,3
2015-08-01,4
2015-08-04,7
2015-08-06,2
2015-08-08,1
2015-08-11,5
2015-08-13,1
2015-08-14,3
2015-08-15,1
2015-08-18,13
2015-08-20,3
2015-08-21,2
2015-08-24,1
2015-08-25,14
2015-08-26,1
2015-08-27,4
2015-08-28,1
2015-08-30,1
2015-08-31,1
2015-09-01,23
2015-09-03,2
2015-09-04,1
2015-09-08,10
2015-09-10,3
2015-09-11,1
2015-09-12,1
2015-09-14,1
2015-09-15,13
2015-09-16,1
2015-09-17,2
2015-09-20,3
2015-09-21,3
2015-09-22,10
2015-09-23,2
2015-09-24,4
2015-09-25,2
2015-09-29,9
2015-09-30,2
2015-10-01,1
2015-10-06,16
2015-10-08,3
2015-10-10,1
2015-10-11,1
2015-10-13,8
2015-10-15,2
2015-10-16,2
2015-10-19,2
2015-10-20,13
2015-10-22,2
2015-10-25,2
2015-10-26,1
2015-10-27,9
2015-10-28,17
2015-10-29,4
2015-10-30,7
2015-11-01,4
2015-11-03,11
2015-11-05,4
2015-11-06,5
2015-11-10,7
2015-11-11,1
2015-11-13,4
2015-11-15,2
2015-11-16,1
2015-11-17,5
2015-11-18,2
2015-11-19,2
2015-11-23,1
2015-11-24,3
2015-12-01,5
2015-12-06,1
2015-12-08,2
2015-12-10,2
2015-12-11,1
2015-12-12,1
2015-12-13,1
2015-12-14,2
2015-12-15,3
2015-12-16,2
2015-12-19,1
2015-12-22,4
2015-12-23,1
2015-12-24,1
2015-12-28,1
2015-12-29,3
2015-12-31,2
2016-01-05,9
2016-01-06,2
2016-01-07,1
2016-01-11,2
2016-01-12,4
2016-01-13,1
2016-01-14,2
2016-01-18,3
2016-01-19,5
2016-01-24,1
2016-01-26,9
2016-01-27,1
2016-01-28,3
2016-01-29,2
2016-01-30,1
2016-02-01,1
2016-02-02,12
2016-02-03,2
2016-02-04,1
2016-02-08,1
2016-02-09,4
2016-02-10,1
2016-02-11,1
2016-02-12,1
2016-02-15,1
2016-02-16,3
2016-02-18,2
2016-02-21,1
2016-02-23,6
2016-02-24,1
2016-02-25,2
2016-02-28,1
2016-02-29,1
2016-03-01,8
2016-03-03,3
2016-03-08,14
2016-03-10,2
2016-03-15,7
2016-03-16,1
2016-03-19,1
2016-03-22,6
2016-03-24,3
2016-03-25,2
2016-03-29,9
2016-04-01,2
2016-04-04,3
2016-04-05,19
2016-04-07,1
2016-04-10,1
2016-04-11,1
2016-04-12,4
2016-04-18,2
2016-04-19,4
2016-04-21,1
2016-04-23,1
2016-04-24,1
2016-04-25,2
2016-04-26,6
2016-04-27,1
2016-04-29,1
2016-05-01,1
2016-05-03,14
2016-05-05,4
2016-05-06,1
2016-05-08,1
2016-05-10,6
2016-05-12,1
2016-05-14,1
2016-05-17,8
2016-05-20,1
2016-05-24,4
2016-05-31,6
2016-06-05,1
2016-06-07,10
2016-06-13,1
2016-06-14,8
2016-06-15,1
2016-06-17,1
2016-06-20,1
2016-06-21,4
2016-06-22,1
2016-06-23,1
2016-06-28,10
2016-06-29,1
2016-06-30,2
2016-07-05,3
2016-07-07,3
2016-07-09,1
2016-07-11,1
2016-07-12,7
2016-07-14,5
2016-07-15,1
2016-07-19,6
2016-07-21,2
2016-07-24,2
2016-07-25,2
2016-07-26,9
2016-07-27,1
2016-07-31,1
2016-08-01,3
2016-08-02,9
2016-08-05,1
2016-08-09,8
2016-08-11,1
2016-08-15,3
2016-08-16,3
2016-08-21,1
2016-08-23,1
2016-08-24,1
2016-08-25,1
2016-08-26,1
2016-08-28,1
2016-08-30,14
2016-09-01,5
2016-09-02,1
2016-09-03,1
2016-09-06,17
2016-09-08,1
2016-09-10,1
2016-09-11,2
2016-09-13,8
2016-09-15,1
2016-09-16,1
2016-09-20,16
2016-09-21,1
2016-09-22,6
2016-09-25,1
2016-09-26,2
2016-09-27,9
2016-09-28,1
2016-10-01,1
2016-10-02,1
2016-10-04,14
2016-10-06,4
2016-10-07,1
2016-10-08,1
2016-10-09,1
2016-10-11,8
2016-10-12,1
2016-10-14,2
2016-10-15,1
2016-10-17,1
2016-10-18,8
2016-10-19,1
2016-10-20,4
2016-10-23,1
2016-10-24,1
2016-10-25,1
2016-10-27,3
2016-10-28,11
2016-10-29,3
2016-10-30,6
2016-10-31,1
2016-11-01,6
2016-11-03,3
2016-11-04,1
2016-11-05,1
2016-11-06,6
2016-11-07,1
2016-11-08,3
2016-11-10,1
2016-11-13,1
2016-11-14,1
2016-11-15,7
2016-11-17,3
2016-11-18,1
2016-11-22,4
2016-11-27,1
2016-11-29,2
2016-12-01,3
2016-12-05,1
2016-12-06,3
2016-12-07,1
2016-12-09,1
2016-12-13,1
2016-12-15,1
2016-12-16,1
2016-12-20,2
2016-12-24,1
2016-12-26,1
2016-12-27,5
2016-12-31,1
2017-01-03,9
2017-01-05,1
2017-01-10,7
2017-01-12,2
2017-01-13,1
2017-01-16,1
2017-01-17,7
2017-01-19,1
2017-01-20,1
2017-01-22,1
2017-01-23,1
2017-01-24,2
2017-01-26,2
2017-01-31,11
2017-02-01,2
2017-02-02,1
2017-02-07,10
2017-02-09,3
2017-02-12,1
2017-02-14,4
2017-02-21,8
2017-02-23,1
2017-02-25,1
2017-02-26,1
2017-02-28,9
2017-03-01,2
2017-03-02,1
2017-03-05,1
2017-03-07,17
2017-03-09,1
2017-03-14,7
2017-03-16,1
2017-03-20,1
2017-03-21,3
2017-03-23,1
2017-03-24,2
2017-03-27,1
2017-03-28,7
2017-03-30,1
2017-04-01,1
2017-04-04,13
2017-04-05,1
2017-04-06,1
2017-04-10,1
2017-04-11,5
2017-04-18,5
2017-04-19,1
2017-04-20,2
2017-04-24,2
2017-04-25,2
2017-04-28,1
2017-04-29,1
2017-04-30,1
2017-05-01,2
2017-05-02,14
2017-05-03,2
2017-05-04,3
2017-05-09,8
2017-05-10,1
2017-05-16,4
2017-05-18,1
2017-05-19,1
2017-05-20,1
2017-05-21,1
2017-05-22,1
2017-05-23,4
2017-05-25,1
2017-05-26,1
2017-05-29,1
2017-05-30,11
2017-06-01,6
2017-06-05,1
2017-06-06,11
2017-06-08,1
2017-06-11,1
2017-06-12,1
2017-06-13,13
2017-06-14,1
2017-06-24,1
2017-06-27,7
2017-06-28,1
2017-06-30,1
2017-07-01,2
2017-07-03,1
2017-07-04,1
2017-07-06,3
2017-07-07,1
2017-07-11,8
2017-07-13,3
2017-07-17,1
2017-07-18,4
2017-07-20,1
2017-07-23,1
2017-07-25,6
2017-07-26,1
2017-07-27,2
2017-08-01,3
2017-08-02,1
2017-08-03,1
2017-08-08,3
2017-08-10,3
2017-08-15,1
2017-08-18,1
2017-08-19,1
2017-08-21,1
2017-08-22,3
2017-08-23,2
2017-08-28,1
2017-08-29,7
2017-08-30,2
2017-09-05,11
2017-09-06,1
2017-09-07,1
2017-09-09,1
2017-09-10,1
2017-09-12,10
2017-09-16,1
2017-09-17,1
2017-09-18,3
2017-09-19,3
2017-09-25,2
2017-09-26,7
2017-09-28,2
2017-09-29,1
2017-10-01,1
2017-10-02,1
2017-10-03,14
2017-10-05,1
2017-10-06,2
2017-10-10,5
2017-10-11,1
2017-10-12,1
2017-10-13,1
2017-10-15,1
2017-10-17,7
2017-10-18,1
2017-10-19,1
2017-10-22,2
2017-10-23,2
2017-10-24,8
2017-10-25,1
2017-10-26,1
2017-10-28,4
2017-10-29,1
2017-10-30,3
2017-10-31,3
2017-11-01,1
2017-11-02,6
2017-11-05,1
2017-11-06,3
2017-11-07,7
2017-11-11,1
2017-11-14,8
2017-11-15,1
2017-11-16,1
2017-11-21,4
2017-11-28,3
2017-11-30,1
2017-12-01,2
2017-12-02,1
2017-12-05,3
2017-12-11,1
2017-12-19,1
2017-12-26,1
2018-01-01,2
2018-01-02,3
2018-01-05,1
2018-01-09,7
2018-01-10,1
2018-01-11,1
2018-01-16,8
2018-01-23,3
2018-01-25,3
2018-01-26,1
2018-01-27,2
2018-01-29,1
2018-01-30,6
2018-02-01,1
2018-02-06,8
2018-02-09,1
2018-02-12,1
2018-02-13,4
2018-02-19,1
2018-02-20,4
2018-02-22,1
2018-02-23,2
2018-02-27,4
2018-03-01,3
2018-03-06,12
2018-03-07,1
2018-03-08,2
2018-03-13,7
2018-03-20,6
2018-03-22,1
2018-03-26,2
2018-03-27,6
2018-03-29,1
2018-03-30,1
2018-04-01,2
2018-04-02,1
2018-04-03,5
2018-04-05,2
2018-04-10,7
2018-04-11,1
2018-04-15,1
2018-04-17,5
2018-04-24,11
2018-04-26,1
2018-05-01,7
2018-05-03,1
2018-05-08,4
2018-05-10,1
2018-05-13,2
2018-05-14,1
2018-05-15,5
2018-05-16,1
2018-05-17,1
2018-05-21,1
2018-05-22,3
2018-05-26,1
2018-05-29,6
2018-05-30,1
2018-06-01,2
2018-06-05,8
2018-06-07,2
2018-06-12,4
2018-06-16,1
2018-06-18,1
2018-06-19,4
2018-06-20,2
2018-06-26,8
2018-07-03,2
2018-07-09,1
2018-07-10,5
2018-07-12,1
2018-07-17,4
2018-07-24,1
2018-07-26,2
2018-07-31,5
2018-08-01,5
2018-08-04,1
2018-08-07,7
2018-08-09,2
2018-08-14,5
2018-08-20,1
2018-08-21,4
2018-08-24,1
2018-08-27,2
2018-08-28,7
2018-08-30,3
2018-09-01,2
2018-09-03,1
2018-09-04,6
2018-09-06,1
2018-09-09,1
2018-09-13,1
2018-09-15,1
2018-09-16,1
2018-09-18,9
2018-09-20,1
2018-09-25,6
2018-10-01,2
2018-10-02,11
2018-10-04,1
2018-10-09,7
2018-10-11,1
2018-10-16,10
2018-10-23,4
2018-10-28,7
2018-10-29,4
2018-10-30,9
2018-11-01,2
2018-11-05,2
2018-11-06,6
2018-11-08,1
2018-11-13,1
2018-11-14,1
2018-11-15,1
2018-11-16,1
2018-11-20,1
2018-12-04,1
2018-12-07,2
2018-12-12,1
2018-12-13,1
2018-12-26,2
2018-12-28,1
2019-01-01,3
2019-01-06,1
2019-01-07,2
2019-01-08,9
2019-01-15,3
2019-01-22,3
2019-01-29,2
2019-01-30,2
2019-02-01,3
2019-02-05,9
2019-02-12,4
2019-02-19,2
2019-02-26,4
2019-03-01,3
2019-03-05,6
2019-03-07,2
2019-03-12,2
2019-03-16,1
2019-03-19,3
2019-03-24,2
2019-03-25,1
2019-03-26,3
2019-04-01,1
2019-04-02,6
2019-04-09,5
2019-04-10,2
2019-04-16,1
2019-04-18,1
2019-04-23,1
2019-04-25,2
2019-04-27,1
2019-04-30,2
2019-05-01,3
2019-05-02,3
2019-05-06,1
2019-05-07,14
2019-05-08,2
2019-05-14,4
2019-05-21,4
2019-05-24,1
2019-05-28,2
2019-05-30,2
2019-06-01,1
2019-06-04,4
2019-06-06,1
2019-06-11,7
2019-06-13,2
2019-06-16,1
2019-06-18,1
2019-06-25,3
2019-07-01,1
2019-07-02,4
2019-07-09,1
2019-07-11,1
2019-07-15,1
2019-07-16,4
2019-07-25,1
2019-07-30,3
2019-08-01,3
2019-08-06,6
2019-08-08,2
2019-08-13,2
2019-08-20,1
2019-08-27,2
2019-09-03,7
2019-09-10,7
2019-09-13,1
2019-09-14,1
2019-09-23,2
2019-09-24,5
2019-10-01,9
2019-10-03,1
2019-10-04,1
2019-10-07,1
2019-10-08,5
2019-10-10,1
2019-10-15,3
2019-10-20,1
2019-10-22,1
2019-10-28,7
2019-10-29,2
2019-10-30,9
2019-11-01,2
2019-11-05,10
2019-11-06,2
2019-11-12,1
2019-11-19,2
2019-11-26,2
2019-11-28,1
2019-12-01,1
2019-12-03,1
2019-12-10,1
2019-12-13,1
2019-12-22,1
2019-12-30,1
2019-12-31,1
2020-01-01,1
2020-01-07,1
2020-01-14,2
2020-01-20,1
2020-01-21,2
2020-01-28,1
2020-02-01,2
2020-02-04,4
2020-02-06,1
2020-02-11,1
2020-02-18,4
2020-02-25,4
2020-03-01,1
2020-03-03,3
2020-03-10,4
2020-03-16,1
2020-03-17,2
2020-03-24,3
2020-03-26,1
2020-03-29,1
2020-03-30,1
2020-03-31,2
2020-04-01,2
2020-04-07,3
2020-04-14,1
2020-04-17,1
2020-04-23,1
2020-04-28,1
2020-04-29,1
2020-04-30,1
2020-05-01,1
2020-05-05,3
2020-05-10,1
2020-05-19,2
2020-05-26,1
2020-06-02,2
2020-06-09,2
2020-06-11,1
2020-06-14,1
2020-06-16,1
2020-06-20,1
2020-06-23,2
2020-06-30,1
2020-07-07,3
2020-07-09,1
2020-07-10,1
2020-07-14,2
2020-07-21,1
2020-07-24,1
2020-07-25,1
2020-08-04,2
2020-08-18,1
2020-08-19,1
2020-08-25,2
2020-08-27,2
2020-09-01,1
2020-09-15,1
2020-09-29,1
2020-10-01,1
2020-10-06,1
2020-10-08,1
2020-10-19,1
2020-10-28,14
2020-10-30,1
2020-11-06,2
2020-11-16,1
2020-11-30,1
