pages,success_rate,norm_rating,norm_num_awards,norm_num_ratings
11,0.20108183246752692,0.772888888888889,0.013550135501355013,0.004338169978508833
12,0.201751918205679,0.7998000000000001,0.0024390243902439024,0.002329624042228209
13,0.20571880007130547,0.8046666666666668,0.008130081300813009,0.0019483710169291293
14,0.21659371085502363,0.81325,0.024390243902439025,0.004344355615216457
15,0.2087993689222613,0.779,0.024390243902439025,0.0074169878841672445
16,0.21878758947573432,0.8365,0.01829268292682927,0.0020649920492787897
17,0.21274791194600162,0.8344999999999999,0.006097560975609756,0.0042965258327870804
18,0.21593746371011677,0.828,0.016260162601626018,0.003229529637215021
20,0.20450930169741605,0.786,0.012195121951219513,0.007646962887225214
21,0.20504419550305952,0.8175,0.0,0.0026767820122381514
22,0.19964858596344862,0.7979999999999999,0.0,0.0005943438537945483
23,0.19111589313101596,0.759,0.0,0.005463572524063869
24,0.21024899295545557,0.8299047619047619,0.0034843205574912896,0.0041225688020778955
25,0.2054514033537379,0.796,0.012195121951219513,0.0014153695125125848
26,0.2130539347390308,0.8334285714285714,0.003484320557491289,0.011818526412569173
27,0.19976907519678166,0.798,0.0,0.0010763007871266272
28,0.22903201085482983,0.8146666666666667,0.048780487804878044,0.0039004011428965713
29,0.25114120204715296,0.881,0.06097560975609756,0.001613588676416624
30,0.22655757340757082,0.8268888888888889,0.03794037940379404,0.003460645933806369
31,0.18952686674674887,0.7566666666666667,0.0,0.0014408003203288597
32,0.22590830566201184,0.8449074074074074,0.026874435411020775,0.004976944418598357
33,0.1984758671304326,0.792,0.0,0.0019034685217304032
34,0.212113758017943,0.8171999999999999,0.014634146341463417,0.001986739388845154
35,0.2134964177322515,0.8526666666666666,0.0,0.0013190042623392997
36,0.195619305982016,0.7804,0.0,0.002077223928064007
37,0.2235920476876509,0.8375999999999999,0.014634146341463414,0.027499898067676786
38,0.21010858664886223,0.8046666666666668,0.016260162601626018,0.003247354725530231
39,0.19766556161573712,0.79,0.0,0.0006622464629483846
40,0.23039722848086863,0.8394901960784313,0.03873744619799139,0.004623825449060313
41,0.19091492453871703,0.763,0.0,0.0006596981548681309
42,0.20355159760652963,0.7959999999999999,0.008130081300813009,0.0019462278244924032
43,0.21114102258506645,0.8300000000000001,0.0,0.014564090340265777
44,0.2202833243003063,0.8168000000000001,0.02682926829268293,0.010674760615859414
45,0.19826158709149969,0.7919999999999999,0.0,0.0010463483659987225
46,0.23151437866339608,0.8340000000000001,0.04268292682926829,0.0066916609950476574
47,0.1913851400445575,0.7633333333333333,0.0,0.0022072268448966406
48,0.21293958071704072,0.8225862068965517,0.013036164844407064,0.0030997862827969276
49,0.20241545262656074,0.808,0.0,0.0016618105062429626
50,0.1997267668696465,0.78125,0.006097560975609756,0.005461945527366476
51,0.1899678970682173,0.7593333333333333,0.0,0.0005382549395358368
52,0.22591856993884596,0.83025,0.03353658536585366,0.006351109023676527
53,0.19563323652376277,0.7813333333333333,0.0,0.001199612761717774
54,0.2074562689424234,0.826,0.0,0.003825075769693586
55,0.1948480805818427,0.7683333333333334,0.0040650406504065045,0.0029289076932244805
56,0.20690906895598207,0.8144444444444444,0.0040650406504065045,0.005061750078670844
57,0.20272525228810062,0.8088571428571428,0.0,0.002043866295259632
58,0.20259502300051607,0.8072307692307692,0.0,0.0031493227712949892
59,0.19311926277839286,0.7695000000000001,0.0,0.0029770511135714262
60,0.20509505442535833,0.8,0.009146341463414635,0.0020875347746041107
61,0.20987769344020174,0.8256,0.0024390243902439024,0.00903272498031922
62,0.20537350946448313,0.8064545454545455,0.004434589800443459,0.006170312802500208
63,0.2033720085476787,0.8103333333333333,0.0,0.003154700857381521
64,0.20903020913977394,0.8060357142857143,0.010452961672473867,0.009179198928433652
65,0.20029585177262924,0.797,0.0,0.004183407090516949
66,0.19404221683984707,0.7745,0.0,0.0016688673593882805
67,0.19802393985867595,0.7864615384615384,0.001876172607879925,0.0018818757574054134
68,0.19942173087357568,0.7965,0.0,0.0011869234943027672
69,0.19696489712153575,0.7866666666666667,0.0,0.0011929218194762874
70,0.20446396182394166,0.8105000000000001,0.0020325203252032522,0.003290806645360198
71,0.19644038935011088,0.7828,0.0,0.002961557400443484
72,0.20631074302046626,0.7945,0.012195121951219513,0.00635272817942598
73,0.20286812623298905,0.8094285714285715,0.0,0.002043933503384825
74,0.20696153125545066,0.8153333333333334,0.005420054200542005,0.0016726832873853782
75,0.19752944588951626,0.7763333333333332,0.0040650406504065045,0.00565436892391876
76,0.21660511656914183,0.8363999999999999,0.009756097560975611,0.010508271154616175
77,0.19603494748745048,0.769,0.006097560975609756,0.0029446679985823568
78,0.20806529078939529,0.828,0.0,0.004261163157581099
79,0.19821012427509566,0.7739999999999999,0.008869179600886918,0.0011021378986088447
80,0.2031269438813463,0.8015135135135135,0.003955174686882004,0.003083912638107702
81,0.19808806858633982,0.7912,0.0,0.0011522743453592564
82,0.20608496204210763,0.8145714285714286,0.003484320557491289,0.002799778482019362
83,0.19447036251723956,0.7683333333333334,0.0040650406504065045,0.001418035434811927
84,0.2011914296756089,0.7886,0.007317073170731709,0.001531572360972152
85,0.20953740392257,0.8186666666666667,0.008130081300813009,0.003222786421987273
86,0.21766979499665245,0.8248888888888889,0.02168021680216802,0.0024298574933848535
87,0.19956129560239314,0.7971428571428572,0.0,0.0011023252667154448
88,0.21004447882901986,0.8145454545454546,0.011086474501108647,0.0034595117684074806
89,0.20691884415619288,0.8057142857142858,0.010452961672473868,0.0010551675655380032
90,0.20941733443733243,0.815,0.010670731707317072,0.0013278743346955674
91,0.1970065047043706,0.7823636363636364,0.0022172949002217295,0.0012277926534024438
92,0.204231716021345,0.8002857142857144,0.005226480836236934,0.006188188127191825
93,0.20253419592302835,0.7815000000000001,0.012195121951219513,0.004246539789674412
94,0.1968403968697712,0.7762,0.004878048780487805,0.0014054899181091397
95,0.2100064642735048,0.8382499999999999,0.0,0.0017758570940192386
96,0.20581225771902892,0.7902168674698794,0.013811342932706434,0.005409477540823281
97,0.2205347641112648,0.8306666666666667,0.024390243902439022,0.0026919019735143234
98,0.2115205097431202,0.7952727272727272,0.024390243902439025,0.002028823894875413
99,0.19298182154629767,0.766,0.0,0.005927286185190644
100,0.20254379436488779,0.8027058823529413,0.0028694404591104736,0.0017304141883890136
101,0.21222339721908223,0.831,0.008130081300813009,0.0016334262747029066
102,0.20766972444512033,0.8073333333333333,0.01084010840108401,0.0016653476449799986
103,0.21035764726887543,0.7988,0.004878048780487805,0.032874491514526136
104,0.21126503286346182,0.8058571428571428,0.016550522648083623,0.006101943300537261
105,0.2278153990837234,0.7971111111111111,0.05420054200542005,0.005749401212942373
106,0.2084635487271056,0.8146666666666667,0.008130081300813009,0.0029273656401297625
107,0.20175019163331404,0.7722857142857142,0.013937282229965157,0.006840487787611571
108,0.20337950788527798,0.8035555555555556,0.0040650406504065045,0.0018323946847433623
109,0.197118607773742,0.7711428571428571,0.003484320557491289,0.010362932837128278
110,0.20744305901694093,0.801,0.012195121951219514,0.004381992165324819
111,0.21040052501348178,0.8131428571428572,0.010452961672473868,0.0075533195661222656
112,0.20164635911932344,0.7849152542372881,0.009508061182306739,0.0026540598753921865
113,0.21989402901487323,0.8099999999999999,0.03252032520325203,0.004535465652988918
114,0.19719273709002128,0.7612857142857142,0.012195121951219511,0.0030949901719318257
115,0.19817875878958577,0.7726666666666666,0.008130081300813009,0.003788205890050395
116,0.19898501782521583,0.7878666666666666,0.0032520325203252032,0.0015693395935461678
117,0.2010329476402916,0.7702,0.014634146341463417,0.004663497878239488
118,0.2020640352793869,0.806888888888889,0.0,0.0013672522286587692
119,0.20129121075634243,0.7862,0.007317073170731709,0.004330696683906297
120,0.20671879475827737,0.7899310344827587,0.01682085786375105,0.0033024288228487605
121,0.20288855947557904,0.7919999999999999,0.0040650406504065045,0.011424156601503163
122,0.19787200603204125,0.788625,0.0,0.0028630241281649986
123,0.20139484504240573,0.79125,0.003048780487804878,0.008231819194013279
124,0.1961088534050144,0.7691428571428572,0.006968641114982578,0.001355274247235394
125,0.20219579218971206,0.8009999999999999,0.003048780487804878,0.0016856077832385625
126,0.19848977724850936,0.7807272727272726,0.005543237250554323,0.002145361765656021
127,0.20391588786175988,0.8011818181818182,0.005543237250554323,0.003395258764112637
128,0.2087200858973011,0.8046206896551724,0.013456686291000842,0.0033462813520303354
129,0.20902826801165364,0.7903636363636365,0.019955654101995565,0.005838127478986973
130,0.21178064463913626,0.8012,0.02113821138211382,0.0036461557923173345
131,0.19999832426101963,0.7737142857142858,0.010452961672473868,0.005373087984845016
132,0.20917362157473926,0.8173333333333334,0.008130081300813007,0.0031009903639977127
133,0.20182995425815,0.8025714285714286,0.0,0.0047483884611714015
134,0.20586836377546308,0.7718571428571429,0.024390243902439025,0.002835824439831478
135,0.2054885867878956,0.786125,0.01676829268292683,0.0022927617857288474
136,0.21056563380451343,0.8183414634146341,0.010707911957168352,0.002505247889082945
137,0.21865268232152896,0.818,0.024390243902439025,0.007830241481237753
138,0.20147579673514449,0.7878823529411765,0.007173601147776184,0.0036736317038490564
139,0.1912957639986356,0.7539999999999999,0.004878048780487805,0.0014269584335667843
140,0.2008374882295222,0.7905882352941176,0.004304160688665711,0.004153396246639692
141,0.22536138335243594,0.773,0.036585365853658534,0.05527480170242662
142,0.20111452355092832,0.7848421052631579,0.008985879332477534,0.0016442302756002412
143,0.20214650226472,0.7578823529411765,0.02295552367288379,0.004792608771935974
144,0.20965415213901115,0.8042142857142858,0.015156794425087109,0.004088733991584647
145,0.2276001506303472,0.7781666666666668,0.06300813008130081,0.006217675692120474
146,0.20227205343378168,0.7795714285714286,0.010452961672473868,0.00861086181875044
147,0.19627850632605248,0.7689090909090909,0.006651884700665189,0.0029011649937885436
148,0.21329014546568342,0.7923636363636363,0.028824833702882482,0.0031472780933323717
149,0.2067787948970448,0.7668,0.027642276422764227,0.0050306267426506795
150,0.20775388349776908,0.788,0.020086083213773316,0.0028433675635296664
151,0.20963830221981444,0.8008000000000001,0.017073170731707315,0.0036068674158431053
152,0.2182909445639221,0.8232941176470588,0.02295552367288379,0.003958613262861968
153,0.20570017883034833,0.7559999999999999,0.03048780487804878,0.005825105565295755
154,0.19612069961935322,0.7621666666666668,0.008130081300813009,0.006055969209120173
155,0.20697536970486793,0.7952727272727272,0.015521064301552106,0.0015866229436401215
156,0.2069477464090965,0.7892631578947369,0.01797175866495507,0.002584310411738906
157,0.20331026399254506,0.7978823529411765,0.007173601147776184,0.0010115007334514949
158,0.21093536548184258,0.82,0.010269576379974327,0.003202309167421736
159,0.20879165171786754,0.796,0.015853658536585366,0.007459289798299455
160,0.20670922508437112,0.7963146067415731,0.013839408057001918,0.0028434774819075855
161,0.20041352012740737,0.7746000000000001,0.012195121951219513,0.002663836607190463
162,0.20414725600414882,0.778,0.01682085786375105,0.004947308289093263
163,0.20700955653141148,0.8041666666666667,0.01016260162601626,0.0035463562069466617
164,0.2062432017364497,0.7989090909090909,0.012195121951219513,0.0016734721342689628
165,0.2046998984102136,0.7831111111111111,0.014905149051490516,0.005878184426762235
166,0.21244635665764183,0.7887000000000001,0.029268292682926834,0.002548841264713539
167,0.20540451919378744,0.8008695652173913,0.009544008483563097,0.00166049459063229
168,0.20888848606518207,0.8146000000000001,0.007926829268292683,0.005100285724142907
169,0.2107109735646368,0.7772307692307692,0.0300187617260788,0.005575601575620394
170,0.20390573709417917,0.7878947368421053,0.012836970474967907,0.0020542705846755523
171,0.21320595086448937,0.77075,0.039634146341463415,0.002805510775030658
172,0.20012503514933344,0.7903333333333333,0.0027100271002710027,0.0047467530634583595
173,0.21786958913713286,0.8144444444444444,0.027100271002710025,0.002833370098667004
174,0.21156754683857187,0.8091000000000002,0.017073170731707315,0.0030238458908728233
175,0.20466269314101002,0.7978461538461539,0.009380863039399624,0.0020428926390869567
176,0.20978056568594308,0.8053885350318472,0.014137020351095231,0.005459687009734742
177,0.2037032377170718,0.7841176470588236,0.014347202295552367,0.0020008992183589615
178,0.2079819087609066,0.8051666666666667,0.01016260162601626,0.0064357651249272105
179,0.20550334917325938,0.7888333333333333,0.014227642276422764,0.0047247788068586335
180,0.20810772618855283,0.8023902439024391,0.013682331945270673,0.002675996961231064
181,0.20805556516133417,0.7845945945945946,0.021753460777851022,0.0041207444950399855
182,0.21983842068863862,0.8023478260869565,0.02863202545068929,0.019741805766219478
183,0.20875895403078223,0.7997391304347827,0.015906680805938492,0.003483324076469288
184,0.2192704906503808,0.8187924528301886,0.025310630464795217,0.007668248841744047
185,0.20304497951961784,0.8010909090909091,0.004434589800443459,0.0022198293866753493
186,0.2133008999470309,0.8019999999999999,0.02357723577235772,0.004049128243408115
187,0.21177369706585608,0.8147777777777778,0.013550135501355013,0.005216739482936529
188,0.20235004957349026,0.7961111111111111,0.0047425474254742545,0.003803992331901402
189,0.19853807571422594,0.7874285714285715,0.0023228803716608595,0.002077970685010602
190,0.21067868931544786,0.8141714285714285,0.011846689895470384,0.004849948899422145
191,0.20195130955772628,0.7874814814814814,0.009033423667570008,0.002256909414283512
192,0.21147755820020817,0.8151322314049587,0.01390848619229994,0.0029610290112740906
193,0.21094963786276869,0.805047619047619,0.017421602787456445,0.0039077268285426636
194,0.21610831687036375,0.8077391304347826,0.019088016967126194,0.018518103112419967
195,0.21267996218076102,0.7798181818181817,0.031042128603104215,0.008817409698653838
196,0.20870510722988755,0.8160625,0.006859756097560976,0.005038416724428316
197,0.20463174897354344,0.7907333333333334,0.01138211382113821,0.005029434918563915
198,0.20673413928240808,0.7911515151515152,0.015521064301552107,0.004742913375012961
199,0.21628548227834846,0.8130833333333333,0.0233739837398374,0.00531062830038567
200,0.21175869777103143,0.8218444444444445,0.011653116531165313,0.001884113577350603
201,0.2142846565741158,0.800962962962963,0.024390243902439025,0.00739517552862219
202,0.2097298352666197,0.8138095238095238,0.011614401858304297,0.001881013540346307
203,0.2056285769452443,0.8072173913043478,0.006362672322375397,0.002571571831878622
204,0.20467434346236146,0.7945454545454546,0.009608277900960829,0.004935363502069583
205,0.2096249031376349,0.8018787878787879,0.01699926090169993,0.002622302868351815
206,0.20659543325421165,0.8135384615384615,0.005628517823639776,0.001586235831105499
207,0.20439716461678423,0.801142857142857,0.004355400696864111,0.007734999930551603
208,0.21042823881064218,0.7960444444444446,0.02059620596205962,0.004476098874005028
209,0.21000116989351494,0.7908148148148149,0.021680216802168025,0.005829431154908904
210,0.20838235695354332,0.8042285714285714,0.011149825783972125,0.007001204817657636
211,0.20126802560817703,0.7936153846153846,0.004690431519699812,0.002075854777923847
212,0.20932390304885062,0.8007567567567567,0.016479894528675015,0.0035790663812957195
213,0.20866922650422584,0.7888461538461539,0.019699812382739212,0.006431127405271095
214,0.205274006918232,0.7964444444444445,0.01084010840108401,0.002971366426315476
215,0.20556547617478768,0.7977575757575758,0.011086474501108647,0.0023313799393576335
216,0.20944615885181456,0.8066792452830188,0.013805798435342844,0.00349379325355371
217,0.21271274309839125,0.7921904761904761,0.025551684088269456,0.0075571280265498975
218,0.21581895002592869,0.794,0.029810298102981032,0.009655203897752644
219,0.21258314628369537,0.7915000000000001,0.027439024390243903,0.003954536354293756
220,0.20649529315704282,0.7980416666666666,0.012703252032520325,0.0025330018964639417
221,0.20251951459406953,0.77976,0.012682926829268294,0.004952204717741556
222,0.2027285663169418,0.7870697674418605,0.009075439591605219,0.005693618642696172
223,0.20236646100210834,0.7956666666666666,0.0060975609756097554,0.0016040553905471622
224,0.2101604383836538,0.794188679245283,0.021445006902899216,0.0035630604835338022
225,0.2064885155413382,0.79,0.016260162601626018,0.0034337369621008076
226,0.2164299701326706,0.7877058823529411,0.0351506456241033,0.0077127069295346
227,0.20748017534374016,0.7916000000000001,0.013821138211382113,0.010678424952196354
228,0.20545388343166254,0.7932727272727274,0.01197339246119734,0.004596021531528167
229,0.20581672527063405,0.7911111111111111,0.012872628726287264,0.00641053251885051
230,0.2110737984760869,0.7792777777777778,0.029810298102981032,0.0053968199206077885
231,0.21423203917021402,0.8015333333333333,0.026016260162601626,0.0033623030223195196
232,0.20835207356660393,0.80444,0.012195121951219513,0.004578050363976804
233,0.22148253484689384,0.7851333333333333,0.04390243902439025,0.012991928005461482
234,0.20803684273310563,0.8014814814814815,0.014453477868112016,0.001758933714717041
235,0.21895486331783862,0.783,0.04420731707317073,0.004404819125012937
236,0.21252715614238607,0.8109285714285714,0.018292682926829267,0.0025946872873142874
237,0.2142922202304809,0.7935897435897435,0.023764853033145718,0.016049431265888477
238,0.20491002282378415,0.7885806451612903,0.014162077104642014,0.0027352919245621893
239,0.2036270029045822,0.7977142857142858,0.0060975609756097554,0.00459860395282348
240,0.20853322369852081,0.8004696356275304,0.014811889009578355,0.004039481147396196
241,0.21135631772513097,0.7880526315789474,0.025673940949935813,0.006024757421704833
242,0.20724306281031213,0.7962051282051282,0.013758599124452783,0.005249924787214768
243,0.21200720138593107,0.7831219512195121,0.0297441998810232,0.005418454562165675
244,0.20416669748987926,0.7746000000000001,0.01804878048780488,0.005969228983907239
245,0.20607502441810452,0.7903076923076923,0.015009380863039398,0.003973643638646979
246,0.20850961150440978,0.7935873015873016,0.018583042973286876,0.0032850584837637864
247,0.20619906383079195,0.7825161290322581,0.01966955153422502,0.0029410232224596315
248,0.20891741225156912,0.7906575342465754,0.020380888740394253,0.004250337278912658
249,0.21230879087941956,0.806,0.016260162601626018,0.010714838314426196
250,0.21118650544215758,0.7875555555555555,0.027100271002710025,0.0029899242076547867
251,0.20530296604431258,0.7920588235294117,0.01291248206599713,0.003328076515844342
252,0.20360487248907236,0.7813617021276597,0.014530358069538141,0.003997071689553449
253,0.20119748360517137,0.7695172413793103,0.015138772077375946,0.004995148886623245
254,0.20574098607302302,0.7876,0.016260162601626015,0.002843619088840031
255,0.20174332245317395,0.7796774193548388,0.011801730920535011,0.003692408616786974
256,0.20785481531942726,0.7947701492537314,0.017036767382599197,0.002575577258779322
257,0.20826112951384457,0.7904347826086956,0.019088016967126194,0.004433701512430221
258,0.21512945200311828,0.8003888888888889,0.027777777777777776,0.004573363568028587
259,0.2065312257109904,0.782125,0.019817073170731708,0.004365756502498126
260,0.20448249716521047,0.78916,0.012682926829268294,0.0034041350023052384
261,0.21241125605889966,0.7986206896551724,0.024390243902439022,0.0022438467755480527
262,0.21024838536046336,0.7849433962264151,0.02577082374597331,0.0045084977234917225
263,0.20657389694022496,0.7786000000000001,0.02195121951219512,0.0037931487365096494
264,0.20816381089325248,0.7948253968253968,0.016260162601626018,0.005309521544361072
265,0.20420742330845318,0.7912499999999999,0.011178861788617886,0.003221969656576935
266,0.20704589435116463,0.7863243243243243,0.019775873434410018,0.0023075062115141902
267,0.21356665140040476,0.7932000000000001,0.028292682926829266,0.004481239747960569
268,0.20439894106944026,0.7951627906976744,0.01020986954055587,0.0020132344989747322
269,0.20547862710933584,0.7745454545454545,0.022172949002217293,0.0030231558874541696
270,0.20734186088984474,0.7995757575757576,0.013303769401330377,0.0031841471809606198
271,0.21229544509956727,0.803448275862069,0.021867115222876366,0.0019992740904473355
272,0.20350829933592351,0.7843763837638377,0.013410134101341014,0.0028365453771744204
273,0.21030824934599285,0.7966153846153846,0.019699812382739212,0.0052179880031083935
274,0.2090740432825936,0.7947500000000001,0.019308943089430895,0.002928286951512623
275,0.207879487228275,0.7705365853658537,0.026174895895300417,0.008631571756645433
276,0.20866074263128748,0.8015714285714285,0.013937282229965157,0.00519697749379109
277,0.20574534311627446,0.7844705882352941,0.013868962219033954,0.010772859791735812
278,0.21451914752383464,0.7917142857142857,0.031010452961672475,0.004341398457707943
279,0.2074510559108164,0.7828999999999999,0.018902439024390243,0.00909934559448499
280,0.20864529677111174,0.7867179487179486,0.0225140712945591,0.002835095777380128
281,0.21355884291675972,0.7937241379310345,0.028595458368376785,0.003320316999250838
282,0.20511746426574037,0.7957222222222222,0.01084010840108401,0.003067418038571191
283,0.2042234481201303,0.7844285714285714,0.013937282229965157,0.004590656592019349
284,0.20496734004467035,0.7904347826086956,0.013255567338282079,0.0029234428934216085
285,0.2093067644158396,0.7872,0.023693379790940768,0.0026402980814768584
286,0.2082185383340885,0.8038,0.012195121951219513,0.004683909433914922
287,0.20824791688282396,0.8016888888888889,0.013550135501355013,0.004202507639696942
288,0.20770288778568366,0.7893015075376885,0.018078195857335458,0.005353651890375321
289,0.20853441044321536,0.7812608695652175,0.021739130434782608,0.009398511338078902
290,0.20726211072406933,0.7846229508196721,0.01999200319872051,0.0044414856791641436
291,0.20651551794835055,0.7827777777777778,0.017953929539295393,0.0073764349370337035
292,0.21016112525054526,0.7875384615384615,0.023764853033145718,0.005576333397428057
293,0.20462234575037927,0.7783157894736842,0.017115960633290545,0.005941672261251802
294,0.21494580315512846,0.7911228070175439,0.030380830124090714,0.007898745354788588
295,0.20422446365405528,0.7734893617021277,0.019200830306175403,0.005006832301742633
296,0.20887119385051306,0.8049873417721519,0.01234949058351343,0.0057984524628735086
297,0.21007210333884266,0.8042916666666667,0.016260162601626018,0.003476421485451905
298,0.2122969684447361,0.8033061224489796,0.02140368342458935,0.003074384480786189
299,0.20374920476412747,0.7897500000000001,0.010670731707317074,0.00390535564187568
300,0.2120009571975596,0.8052982456140351,0.019683354728284128,0.003338873719635104
301,0.21006222260627994,0.7978333333333334,0.012872628726287264,0.01667029963921185
302,0.2107566125667608,0.8060370370370371,0.015356820234869015,0.0062757727602680705
303,0.20800396809779848,0.7946538461538462,0.01594746716697936,0.0054670919033889065
304,0.20889344211466912,0.7906127167630058,0.020936134216833498,0.003088783262003671
305,0.20819875154200973,0.7818688524590164,0.022391043582566973,0.006144066543888562
306,0.21393287014073817,0.7856610169491526,0.03100454733360893,0.008061368946582199
307,0.21007160215849247,0.7778805970149254,0.02803057881325082,0.006344653992542813
308,0.21008574134080954,0.7831428571428573,0.02613240418118467,0.004935299858011634
309,0.20378591107966215,0.7798305084745762,0.014882182720132286,0.005548770403807756
310,0.21093653358749787,0.786970297029703,0.026080656846172424,0.004614523627943574
311,0.21301023573673167,0.7871538461538462,0.030487804878048783,0.0039114870369829765
312,0.21180702712503485,0.7931898734177215,0.02531645569620253,0.0034053236900128277
313,0.20974418002934495,0.7872,0.024390243902439025,0.0029962323125016523
314,0.2090267025751724,0.8002641509433962,0.015646571560055226,0.004549516237182935
315,0.20861430892196675,0.7945581395348839,0.01758366420873511,0.004731767735513083
316,0.21659112927315777,0.8127719298245615,0.025246041934103552,0.003100503399862538
317,0.20454001436034888,0.7898421052631579,0.012195121951219513,0.0039277082757986585
318,0.20807437561331946,0.8044090909090909,0.012195121951219513,0.0034981676417479442
319,0.20515014254779607,0.7907222222222222,0.011517615176151762,0.006843117616658494
320,0.20768698895891335,0.7897416481069042,0.01857786952034331,0.0038505686880625795
321,0.21637191810941273,0.8114117647058823,0.0234337637494022,0.0072083802329640945
322,0.21016494225024365,0.8092285714285714,0.01289198606271777,0.005647225446967637
323,0.20892093917808238,0.7913125,0.018673780487804877,0.007023695736719787
324,0.20963414994509486,0.7949459459459459,0.017798286090969017,0.00799408165249546
325,0.21610653915655698,0.7927272727272728,0.02827050997782705,0.015157863943301108
326,0.2100673736682935,0.7929090909090909,0.021222679759265128,0.004915044245552747
327,0.20420453715042974,0.7862222222222223,0.01084010840108401,0.008915709577328764
328,0.21430411275448413,0.794056338028169,0.029199587770525594,0.004760937448716335
329,0.20930037358525816,0.7959111111111111,0.017344173441734417,0.006602036346452807
330,0.20820087934382459,0.8056,0.01178861788617886,0.003626281602940669
331,0.2099267327576981,0.7973571428571429,0.0156794425087108,0.010990903156227975
332,0.21476739381875423,0.8088,0.022222222222222223,0.005825130830572448
333,0.21320555824814558,0.7926875,0.027439024390243903,0.005256684212094505
334,0.21298112422976073,0.8061777777777778,0.018970189701897018,0.007806339737471123
335,0.21528681637444957,0.7966923076923076,0.02720450281425891,0.01004595217697285
336,0.20599971395960856,0.7896666666666667,0.015421344689637372,0.0034894997924928392
337,0.21097441552781768,0.7957142857142857,0.02013162988772745,0.007920116621530188
338,0.2073004089490507,0.7920322580645162,0.015735641227380016,0.005698095276926599
339,0.2123950547434997,0.7982903225806451,0.023210070810385522,0.004869754772582664
340,0.20525599958066898,0.794961038961039,0.011086474501108648,0.003890010359419685
341,0.21059200266956615,0.7905633802816902,0.02026794915836482,0.011268732079844792
342,0.21033347839469504,0.7944666666666667,0.01978319783197832,0.007300851248156942
343,0.21684041426828776,0.8010877192982456,0.029525032092426188,0.007223873590053122
344,0.20791965822368105,0.7960256410256411,0.01657285803627267,0.002507275796537775
345,0.21106072565493977,0.7958545454545455,0.022172949002217293,0.004042459160779065
346,0.21035129793314908,0.805,0.016585365853658537,0.003234460025279216
347,0.21018953759749837,0.8056000000000001,0.015331010452961674,0.004496129484070107
348,0.2112296018504331,0.8048888888888889,0.01788617886178862,0.004257160789266335
349,0.21911312670612332,0.81024,0.028292682926829266,0.00962714097083481
350,0.21617790467784012,0.8146923076923078,0.023921200750469045,0.0021769095181146405
351,0.21186769695310334,0.7926666666666667,0.024390243902439025,0.006023633340868685
352,0.20774448302758466,0.7965734265734267,0.01580533287850361,0.002793839779904847
353,0.20976326875490361,0.8034583333333334,0.01524390243902439,0.0051069368082323685
354,0.2088461873304024,0.8040392156862746,0.014347202295552367,0.0026511290442302647
355,0.2105912870716533,0.8037096774193548,0.01691581431943352,0.004823842228391334
356,0.2106055100884454,0.7969113924050634,0.018832973139857982,0.007844701669002342
357,0.2071244151749295,0.7979333333333333,0.013414634146341465,0.003735059073701774
358,0.2126866603959695,0.8026111111111112,0.0220189701897019,0.004097590093363039
359,0.2162258301480642,0.7959310344827586,0.031118587047939447,0.00673511201361924
360,0.21411087478340374,0.8114461538461538,0.020637898686679177,0.003721547914102777
361,0.21232163204944107,0.8028888888888889,0.02168021680216802,0.0030372057045393746
362,0.2103642223343617,0.7948717948717948,0.020012507817385866,0.006560078830880082
363,0.21199696846242608,0.8049375,0.019817073170731708,0.003416227508240836
364,0.21307723524171437,0.7955172413793103,0.026913372582001684,0.0029649544235437818
365,0.20791347228891277,0.8046666666666666,0.012195121951219513,0.0025969785865454214
366,0.2101711568305431,0.8054347826086956,0.011134676564156946,0.012980491585162852
367,0.21000664433815047,0.7935757575757575,0.021433850702143382,0.003583118372557557
368,0.2065965585528217,0.7921956521739131,0.01504506892895016,0.004100444179473434
369,0.21048084722761756,0.800984126984127,0.015873015873015872,0.009193230180311434
370,0.2098019841874566,0.7944938271604938,0.018669075579644687,0.007375958430043198
371,0.21822015781882495,0.8001558441558442,0.033576179917643334,0.005572427284168947
372,0.21304296879259108,0.8026233766233766,0.019005384859043396,0.011537728828900862
373,0.20748872255709658,0.7916,0.017235772357723576,0.003883345512939132
374,0.22101702623692102,0.80395,0.030792682926829268,0.01853273909402551
375,0.2148328709438186,0.804448275862069,0.022287636669470142,0.010307934574265187
376,0.208478070436224,0.7977878787878788,0.015521064301552107,0.005082274353913018
377,0.2062940621934451,0.8057058823529412,0.008608321377331422,0.002253723666176346
378,0.21285300602993584,0.805490909090909,0.020842572062084258,0.004235970904665763
379,0.2079661938868298,0.811875,0.008384146341463415,0.0032214828643923736
380,0.21629933972490534,0.8068717948717948,0.027517198248905566,0.00329116753001535
381,0.21197841813857551,0.802962962962963,0.018970189701897018,0.007010330187545021
382,0.2189991446705128,0.7994444444444445,0.03590785907859079,0.004736416080425126
383,0.21244797662199988,0.8059636363636364,0.01818181818181818,0.007464633760726774
384,0.20808592589002192,0.7976641604010026,0.01546549300079467,0.0037485571574959373
385,0.21288343095948795,0.8198620689655173,0.012615643397813289,0.006440368076807979
386,0.2146068014551766,0.804,0.02393005062126093,0.0065671045781845174
387,0.209728300741646,0.8004905660377359,0.017027151403589506,0.004368334121669143
388,0.2097552261019801,0.7951044776119403,0.019293775027302514,0.005328876741375063
389,0.21272183225941332,0.8062857142857144,0.019910403185664508,0.004780808380609982
390,0.21605349266165047,0.8059999999999999,0.023170731707317073,0.011872507231967649
391,0.22435453952139203,0.7987924528301886,0.04141739530602854,0.01579091464332238
392,0.21164649916138123,0.7964444444444445,0.022583559168925023,0.004974433863230403
393,0.205772465482426,0.7905714285714286,0.013240418118466898,0.006037597121341582
394,0.2144222022473542,0.7988333333333333,0.026422764227642274,0.00600994720079901
395,0.20815856733877489,0.8036666666666666,0.013211382113821139,0.0025448384607905557
396,0.2093726863389337,0.7837560975609756,0.023200475907198096,0.007333695980362901
397,0.21267339554889655,0.7992999999999999,0.023170731707317073,0.005052118780952143
398,0.20997363794603585,0.8011515151515152,0.016999260901699925,0.004744514829228431
399,0.21766956458431533,0.8027317073170731,0.029149315883402735,0.009647919253382643
400,0.20798023556655998,0.8022965299684542,0.013156882357467108,0.003310647582851438
401,0.20857519431781418,0.7894375,0.019054878048780487,0.006753521173695815
402,0.21045809210306388,0.8002499999999999,0.018902439024390243,0.003777490363474983
403,0.21180717276633115,0.7878536585365854,0.026174895895300417,0.007025240738138425
404,0.20925608411881313,0.7902295081967213,0.020791683326669332,0.005211461625192508
405,0.21183472737411835,0.8031162790697675,0.019852524106636415,0.0045175822134332294
406,0.20981327794927904,0.7983157894736842,0.017543859649122806,0.00584960302518628
407,0.2097650611482472,0.8047857142857142,0.0156794425087108,0.002915645289852962
408,0.20382930926101228,0.789695652173913,0.01166489925768823,0.0022917863547596666
409,0.22234752873713462,0.7954736842105263,0.043645699614890884,0.006625031508230271
410,0.20911403955679714,0.8065882352941176,0.01291248206599713,0.004042958801076627
411,0.21679641381502285,0.8187272727272727,0.022172949002217293,0.0041124845283840895
412,0.21229689776881455,0.8124615384615385,0.016885553470919325,0.0029549456718811784
413,0.2056249593095441,0.8001875,0.009908536585365854,0.002495264067444698
414,0.21036615516883803,0.8082222222222222,0.015356820234869017,0.0025287579833918267
415,0.21723530457039825,0.8063076923076923,0.029080675422138838,0.004472175129622932
416,0.20788575573997511,0.7996835016835017,0.014207111768087378,0.0034452977402240196
417,0.21458801854610268,0.8078378378378378,0.023071852340145024,0.004370531666282814
418,0.22112379083211886,0.8089000000000001,0.03475609756097561,0.006082968206524296
419,0.20974579406342825,0.8002068965517242,0.0159798149705635,0.006816649760861903
420,0.20952876288284597,0.7956190476190477,0.018583042973286876,0.0053299179657623885
421,0.21629876432486023,0.8077692307692307,0.024390243902439025,0.008645338725332076
422,0.2067848544335665,0.7996249999999999,0.011178861788617886,0.005156694157030141
423,0.21628447360733097,0.81025,0.022357723577235773,0.010172447274852408
424,0.21320817184520247,0.7974210526315789,0.025673940949935813,0.0040637528493592135
425,0.21524315757557783,0.8007826086956521,0.024390243902439025,0.011409533801781108
426,0.21379494124682086,0.8193600000000001,0.015609756097560976,0.004600252792161561
427,0.21813596653448797,0.8131578947368421,0.026957637997432605,0.0054706954062444645
428,0.21033654328158835,0.7931538461538461,0.0225140712945591,0.00316418438338906
429,0.21392305146535318,0.8137894736842105,0.019255455712451863,0.0033918207522985124
430,0.21092776742683256,0.8008965517241379,0.01934398654331371,0.004126544896564919
431,0.2111534656605743,0.7996521739130434,0.02014846235418876,0.004664764020876286
432,0.2073785328929054,0.7998034188034188,0.01302897644361059,0.003652759880981648
433,0.22209690719354575,0.8142857142857144,0.03368176538908246,0.006738383710303707
434,0.21619235908903622,0.8112631578947368,0.025032092426187418,0.003442093609033168
435,0.226522794661198,0.8183125,0.03353658536585366,0.02070550791308466
436,0.20843634415534595,0.7952571428571429,0.017421602787456445,0.003645028189327977
437,0.21064344304066077,0.8133548387096775,0.012588512981904013,0.004041907489157486
438,0.2107082806884864,0.8095,0.014905149051490516,0.0035228246509645587
439,0.22074546891813815,0.8154399999999999,0.03121951219512195,0.0051028512823086255
440,0.22457802346458863,0.8174418604651162,0.0368689733408962,0.007132286711445895
441,0.21563496677061897,0.8086363636363636,0.02328159645232816,0.007340310541455947
442,0.20957793267326066,0.82,0.007113821138211383,0.004084088416619882
443,0.21965108058871535,0.8297894736842105,0.021822849807445446,0.005169149055760035
444,0.2173088570047472,0.7969565217391306,0.03075291622481442,0.010773073830229431
445,0.21223169656923724,0.8074117647058824,0.018651362984218076,0.004212295602630352
446,0.21982945776495522,0.8098095238095239,0.0313588850174216,0.006790537215453867
447,0.21520541293038212,0.8008571428571429,0.026713124274099886,0.006538260316185852
448,0.20955995792420173,0.8050366492146597,0.014685225386285276,0.00383273170957674
449,0.21661808464864463,0.8079047619047619,0.017421602787456445,0.02372437111490364
450,0.213873675367467,0.8147368421052632,0.017971758664955068,0.004814342034694627
451,0.21073022023221089,0.7940666666666666,0.022764227642276424,0.003325758977624026
452,0.21929123153294205,0.8068,0.029965156794425088,0.01043461254291799
453,0.21924300585531392,0.8031724137931036,0.02943650126156434,0.014926607105023602
454,0.2110303177901776,0.814,0.012195121951219513,0.005731027258271416
455,0.21231482082337502,0.8054444444444444,0.02032520325203252,0.0031644323449905574
456,0.20982242460307582,0.8034117647058824,0.012195121951219511,0.011487689803981837
457,0.22224457207637763,0.8129333333333334,0.03414634146341464,0.00775227204534786
458,0.21181862459083514,0.801391304347826,0.021208907741251327,0.003465378533011823
459,0.2332122724024616,0.8104999999999999,0.058943089430894303,0.004462910748057798
460,0.21899701575728076,0.8112307692307692,0.024390243902439025,0.015976805993475847
461,0.2183278200632238,0.8171428571428572,0.024390243902439025,0.007387935305159986
462,0.2173321165839568,0.8260000000000001,0.019308943089430895,0.004710580156965323
463,0.20807945805728326,0.8022857142857143,0.011614401858304297,0.006803314226810098
464,0.20813396526311823,0.7975810810810811,0.015161502966381017,0.00463177403862985
465,0.22075766967204397,0.8047368421052632,0.03465982028241335,0.008974196018086014
466,0.21427778876891687,0.796625,0.025914634146341466,0.008656886782984515
467,0.2148241100822286,0.8134814814814815,0.019873532068654023,0.006067894710124801
468,0.2186866017731966,0.8032727272727272,0.03325942350332595,0.004954832813407204
469,0.2177143338322981,0.8029999999999999,0.03048780487804878,0.006881725573094885
470,0.21686818559470225,0.81,0.02634146341463415,0.004789815549540677
471,0.20976053795141622,0.8082222222222222,0.013550135501355013,0.003719658580732665
472,0.21347577225322398,0.8191515151515152,0.016260162601626018,0.002231248658128682
473,0.21494819728483622,0.8101904761904761,0.023228803716608595,0.003144705515651354
474,0.21452696638543545,0.7866,0.029268292682926834,0.012971280175888144
475,0.21493535777174486,0.8009999999999999,0.02682926829268293,0.0050828945016136665
476,0.2116110596208447,0.8068235294117647,0.01721664275466284,0.005187423562288399
477,0.2110689069078866,0.804625,0.018292682926829267,0.0030652617778878996
478,0.22163075145142502,0.8132857142857143,0.033101045296167246,0.007035200927651349
479,0.2205731144115835,0.8176521739130436,0.026511134676564158,0.011618014380162156
480,0.21202113564076472,0.8081897810218979,0.018693252625956915,0.002508256289247235
481,0.22596417922219172,0.8079999999999999,0.03861788617886179,0.01862094453104336
482,0.22009956385070198,0.8176470588235294,0.028694404591104734,0.005362387397069109
483,0.21555774055302468,0.8008571428571429,0.024390243902439025,0.012593331550077743
484,0.21570482651448114,0.8143846153846154,0.0225140712945591,0.0034065480841910323
485,0.22062507230118972,0.7744,0.045121951219512194,0.01785638676573443
486,0.21399778295575614,0.8104347826086957,0.021208907741251327,0.003138533731826217
487,0.2454850403032374,0.8310000000000001,0.052845528455284556,0.04524910430238041
488,0.21362698092335267,0.8160000000000001,0.013303769401330379,0.011900384890749934
489,0.21833277349790015,0.830235294117647,0.014347202295552367,0.014401395282848823
490,0.2134284365546244,0.8041176470588235,0.02295552367288379,0.003685051813906447
491,0.21933911084976318,0.8177777777777777,0.027100271002710025,0.005378123615854884
492,0.21863572229844436,0.8021538461538462,0.0300187617260788,0.012351519587773623
493,0.21744937924444582,0.8088571428571428,0.027874564459930314,0.0051912452007797935
494,0.2114674459229239,0.8047692307692308,0.018761726078799248,0.0035771007648663774
495,0.20658797479330304,0.8046,0.00975609756097561,0.002239704051260981
496,0.20986279351284684,0.8113272727272727,0.01286031042128603,0.0024032804815425513
497,0.21013976190938208,0.8017777777777778,0.016260162601626015,0.006260944656498525
498,0.21634428932095784,0.80825,0.024390243902439025,0.008346669478953328
499,0.22717707378242996,0.8278181818181818,0.03547671840354767,0.00993667650444268
500,0.2195847281890986,0.8002222222222222,0.031165311653116527,0.015786067227939144
501,0.23966751890758536,0.8141739130434782,0.051961823966065745,0.0405725146547317
502,0.21715696147627186,0.8067272727272727,0.028824833702882482,0.004250905772049673
503,0.23063716948496563,0.8088571428571429,0.03716608594657375,0.03935936318957217
504,0.20898714281865588,0.8032727272727272,0.014412416851441241,0.003851010299013837
505,0.21041714923557642,0.8099999999999999,0.00975609756097561,0.012156401820354473
506,0.21808602080230263,0.8140000000000001,0.02682926829268293,0.004685546623844636
507,0.20634938379085446,0.8049090909090908,0.006651884700665189,0.007184674852996482
508,0.21271775407610083,0.8162222222222222,0.016260162601626015,0.0021284688789291427
509,0.2271953743893697,0.7989999999999999,0.05013550135501355,0.009510494847451745
510,0.2172814884350121,0.8241818181818182,0.017738359201773836,0.009467417154682516
511,0.1921879174915462,0.7525714285714286,0.006968641114982578,0.0022429591647911864
512,0.21377075425632014,0.8124521739130435,0.019512195121951223,0.0036064528683346655
513,0.21992362775426683,0.816375,0.025914634146341462,0.011490242724384408
514,0.2046260253301632,0.7744,0.01951219512195122,0.005079711076750335
515,0.2149644320569048,0.812125,0.019817073170731708,0.008098581886155708
516,0.2205883765729251,0.8184705882352941,0.027259684361549495,0.009363549333307257
517,0.2161816744438555,0.8125454545454546,0.022172949002217293,0.007835345225532751
518,0.21139110467186845,0.8172857142857143,0.012195121951219511,0.0038884604993205257
519,0.21547668947375306,0.8400000000000001,0.00975609756097561,0.002394562773061012
520,0.21626484418939987,0.8211111111111111,0.02032520325203252,0.003297859142423327
521,0.20963814494187333,0.8098000000000001,0.00975609756097561,0.009240384645542107
522,0.22021596293585186,0.832,0.02032520325203252,0.008213445239342322
523,0.2139822752503194,0.8204444444444444,0.016260162601626018,0.0029643313535811003
524,0.2215288052474148,0.8275,0.027439024390243903,0.0037371722091714
525,0.2287186752706132,0.8168888888888889,0.03523035230352303,0.02752510758651789
526,0.20116647051547312,0.748,0.014634146341463417,0.02739758937896556
527,0.21825145508869487,0.807,0.02195121951219512,0.02210338133038932
528,0.20803225941185133,0.8046881720430107,0.011801730920535013,0.003837403763324511
529,0.21596240392958221,0.8056666666666666,0.02032520325203252,0.01753254254759717
530,0.21659463089773662,0.8281176470588235,0.01721664275466284,0.0038275910227972333
531,0.23708810852982248,0.8135714285714286,0.05749128919860628,0.019798427150648803
532,0.2121482737372494,0.7923636363636363,0.008869179600886918,0.03849109938358744
533,0.23564162581300982,0.8127272727272726,0.06208425720620843,0.005670716112349664
534,0.21691463989711993,0.8162352941176472,0.024390243902439025,0.0026427776659545855
535,0.20476633315736462,0.8048000000000001,0.004878048780487806,0.0045092350684828395
536,0.23295724324288994,0.8322222222222222,0.04336043360433604,0.012885883540665421
537,0.22295934685963698,0.7997142857142857,0.04181184668989547,0.008499408344471214
538,0.22003115673162002,0.8025454545454547,0.0376940133037694,0.002191145773486704
539,0.23992641327731815,0.8300000000000001,0.06271777003484322,0.004270113039586034
540,0.20778512350890815,0.8050909090909091,0.011086474501108647,0.003876635942506178
541,0.22143752925534174,0.7787272727272726,0.037694013303769404,0.0316348176865554
542,0.2368316173020346,0.8112499999999999,0.06707317073170732,0.0019301277447238262
543,0.21860350116727278,0.8175555555555556,0.027100271002710025,0.0026579071081155206
544,0.21743314730843716,0.8169000000000001,0.023983739837398373,0.004865109558951906
545,0.2150700328608391,0.8271428571428572,0.013937282229965157,0.005262709840568885
546,0.22097701119030583,0.8095714285714285,0.02961672473867596,0.015103166712442868
547,0.20820822870767638,0.812,0.009146341463414634,0.002540231903876251
548,0.2081758050071758,0.7992,0.014634146341463417,0.004234927345776395
549,0.20988474866863469,0.8022222222222223,0.016260162601626015,0.0047964472490644
550,0.21672613553946754,0.8466666666666667,0.008130081300813009,0.003977712889577499
551,0.20784218326146564,0.8055,0.012195121951219513,0.0014784891434234833
552,0.23961333225535256,0.8255384615384614,0.052532833020637895,0.027849201441672876
553,0.22360547924932014,0.8016666666666667,0.036585365853658534,0.019584518623296816
554,0.21104431343146296,0.8125714285714285,0.013937282229965157,0.0037312606944929216
555,0.21032702895620004,0.778,0.029268292682926828,0.004771530458946365
556,0.20724066770376273,0.811,0.0,0.017962670815050857
557,0.2125557536616738,0.8357777777777778,0.005420054200542005,0.0036051284678334694
558,0.2239553945792855,0.8168571428571428,0.038327526132404185,0.002309383195190766
559,0.22103297113508646,0.8033333333333333,0.03252032520325203,0.015757900800508512
560,0.21209703800532784,0.815936507936508,0.014711575687185443,0.0030284927104324987
561,0.2262496171322494,0.8,0.046341463414634146,0.012315541699729331
562,0.2216256334944081,0.8113333333333334,0.034552845528455285,0.00606350958738841
563,0.23863610105973224,0.8059999999999999,0.0627177700348432,0.023108864169242606
564,0.21787284947553323,0.7937777777777778,0.036585365853658534,0.0045428884170380665
565,0.21141808560297018,0.8212727272727274,0.008869179600886918,0.006661255937379623
566,0.22711808026888475,0.8217777777777777,0.03252032520325203,0.0216538928912572
567,0.20875743801883648,0.804,0.010452961672473868,0.01012382873039819
568,0.20636432694127965,0.801142857142857,0.010452961672473868,0.003408527277313718
569,0.21819331516185908,0.8074285714285715,0.0313588850174216,0.0026269191840216713
570,0.21439941829236656,0.7991428571428572,0.027874564459930314,0.0027056871067484578
571,0.2001845343574657,0.798,0.0,0.002738137429862721
572,0.22726960343443212,0.8144444444444444,0.04336043360433604,0.007913102084611844
573,0.2056306841307399,0.8116,0.004878048780487805,0.001166638961983948
574,0.20860505596987633,0.8164444444444444,0.008130081300813007,0.001715616833434917
575,0.20362270894577192,0.8028000000000001,0.004878048780487805,0.0019347382221121007
576,0.2120734952917738,0.8187213114754098,0.01359456217512995,0.002383545341425466
577,0.21489751752528358,0.8171999999999999,0.01951219512195122,0.00336567985723202
578,0.2273567429857366,0.8114000000000001,0.046341463414634146,0.005344045113678063
579,0.2269382926347337,0.8112,0.029268292682926828,0.03801658517308108
580,0.21901215242566746,0.8270000000000001,0.02264808362369338,0.0037524424552830738
581,0.24915961858518343,0.8463333333333334,0.07317073170731707,0.003963677592766255
582,0.2105395077105247,0.7886666666666666,0.024390243902439025,0.004710876370554139
583,0.22609353933428744,0.8533333333333334,0.02439024390243903,0.00226033619893844
584,0.21721009396082028,0.7896666666666666,0.036585365853658534,0.006002977469297462
585,0.21151822966847936,0.824,0.008130081300813009,0.005812756072291449
586,0.21508024199908307,0.8168571428571428,0.013937282229965157,0.015589260679259078
587,0.2062625903965676,0.8095,0.006097560975609756,0.0033552396350509193
588,0.21688438204800817,0.8173333333333334,0.02439024390243903,0.0014237070538213124
589,0.2101575933575773,0.8053333333333333,0.016260162601626018,0.002776714893723792
590,0.221106552646862,0.8605714285714285,0.006968641114982578,0.009917499786054135
591,0.1953346281160788,0.7526666666666667,0.012195121951219514,0.00428160189520939
592,0.22145872703771113,0.8277619047619047,0.026713124274099886,0.004646754840739893
593,0.21591909523135988,0.8083333333333335,0.02439024390243903,0.006562559787228036
594,0.21510534362641978,0.8135,0.02032520325203252,0.00627096800161419
595,0.22557031977833603,0.8492000000000001,0.024390243902439025,0.004300791308466029
596,0.21979280625442202,0.8385,0.018292682926829267,0.004085859164029495
597,0.2196919438811499,0.85,0.00975609756097561,0.009255580402648358
598,0.20215164124481994,0.8057142857142858,0.0,0.002892279264994021
599,0.21324106937703888,0.79,0.028455284552845527,0.0060537084024643575
600,0.21689843408492454,0.8320000000000001,0.016260162601626015,0.0030734111364460848
601,0.24215131192318515,0.8453333333333334,0.04878048780487806,0.025710938749651076
602,0.20701109581558605,0.7965714285714286,0.013937282229965157,0.0035983902309853653
603,0.24295740369970856,0.8486666666666666,0.05691056910569106,0.009341809920785517
604,0.23484533216384637,0.8253333333333334,0.05420054200542005,0.005646911311212102
605,0.21149176229244535,0.8324,0.004878048780487805,0.003810951608805698
606,0.20878733702589708,0.8345,0.0,0.0006493481035883314
607,0.22616573501925702,0.8468,0.024390243902439025,0.009082452272149894
608,0.21907664728877815,0.8251372549019608,0.02391200382592061,0.003345326601310674
609,0.20844408431841774,0.8324,0.0,0.0013763372736710377
610,0.2308617901669515,0.8436666666666667,0.036585365853658534,0.006609762293822274
611,0.2068846635635382,0.807,0.008130081300813009,0.004278491652526824
612,0.22724074818685866,0.8325714285714286,0.03484320557491289,0.0067051530261802526
613,0.22269509592582923,0.7885714285714285,0.048780487804878044,0.004647979522132307
614,0.21084189352887714,0.805,0.018292682926829267,0.0017822082618500247
615,0.20965064185999832,0.8360000000000001,0.0,0.002602567439993225
616,0.23103885238152025,0.8736666666666667,0.02439024390243903,0.0017082550545364065
617,0.2116828289512889,0.844,0.0,0.00273131580515558
618,0.19973881331957508,0.796,0.0,0.0029552532783003334
619,0.210638176308215,0.8253333333333334,0.008130081300813009,0.0009592092979006124
620,0.23567564697765114,0.8325,0.036585365853658534,0.037031856203287555
621,0.2759619445329048,0.834,0.13414634146341464,0.0015550952047898782
622,0.2659913392586421,0.864,0.09756097560975609,0.004843405815056084
623,0.2300565090998217,0.7986666666666666,0.05691056910569106,0.007738231521237992
624,0.21912385624327785,0.8292307692307693,0.021575984990619138,0.004112685761103929
625,0.22131332548830557,0.8208,0.029268292682926828,0.005916716587368547
626,0.22683837952008656,0.8476000000000001,0.024390243902439025,0.010973030275468183
627,0.2497968274606673,0.85,0.058536585365853655,0.03211413911096196
628,0.21371643169704352,0.8155,0.018292682926829267,0.0027803609345155396
629,0.22030236260574665,0.8115,0.018292682926829267,0.0331240845693281
630,0.214862061109496,0.8074285714285715,0.024390243902439025,0.0032391852045344873
631,0.22740269142641684,0.8360000000000001,0.036585365853658534,0.0004400339983502646
632,0.207000211170115,0.8026666666666666,0.008130081300813009,0.009074015412167269
633,0.22144724290213805,0.7999999999999999,0.04065040650406504,0.004488158600422156
634,0.20923786010254633,0.8106666666666666,0.012195121951219514,0.0018945298410796673
635,0.20309434100810417,0.7788,0.014634146341463417,0.004309071349489868
636,0.2184317859254449,0.8404,0.014634146341463417,0.004058851018852775
637,0.20711169193836063,0.8016666666666667,0.008130081300813009,0.010519938485149767
638,0.2229547710121914,0.8225,0.03048780487804878,0.008343474292668086
639,0.2556049443717255,0.8432000000000001,0.08292682926829269,0.013366118950316617
640,0.20768038546542053,0.7913333333333333,0.01829268292682927,0.002802842674690222
641,0.22523867371245326,0.8480000000000001,0.024390243902439025,0.004174207044934905
642,0.2083831861695776,0.8119999999999999,0.00975609756097561,0.0020205495563591657
643,0.24549240439723422,0.8780000000000001,0.04878048780487805,0.006408641979180715
644,0.22172486847506503,0.8114285714285715,0.03484320557491289,0.005784491321862847
645,0.2280163291183202,0.844,0.03048780487804878,0.007089706717183281
646,0.22735381176018266,0.859,0.024390243902439025,0.0016347592358525777
647,0.2354018537199382,0.8213333333333334,0.056910569105691054,0.006452943335037432
648,0.22232325560136285,0.8432000000000001,0.014634146341463417,0.016824729722524533
649,0.22794998724029158,0.8340000000000001,0.03658536585365854,0.004629217253849121
650,0.21754659557897518,0.8143333333333334,0.02439024390243903,0.007072561177689471
651,0.2083914070401309,0.816,0.008130081300813009,0.0013054655588975418
652,0.20703732133125166,0.8106666666666666,0.008130081300813009,0.0012224560567140991
653,0.239928317585395,0.8545,0.04878048780487805,0.007652294731823898
654,0.19810885544994455,0.722,0.024390243902439025,0.021654933994900247
655,0.21138566297586237,0.8328,0.004878048780487805,0.002986554342473788
656,0.21745385291825797,0.821391304347826,0.022269353128313893,0.0038854010685780214
657,0.2267356578225109,0.8536666666666667,0.02439024390243903,0.004495476818498783
658,0.21964119739995697,0.823,0.024390243902439025,0.006784301794949802
659,0.26555930414914664,0.8720000000000001,0.04878048780487805,0.09267624098683035
660,0.2269003575089775,0.8535999999999999,0.024390243902439025,0.005220942231031963
661,0.2568376911792039,0.7906666666666666,0.09756097560975609,0.041562146830636575
662,0.22994501987956237,0.8154285714285715,0.041811846689895474,0.020727814709887167
663,0.23292381415224553,0.8492,0.03902439024390244,0.004446476121177146
664,0.2172268412120326,0.8326666666666668,0.016260162601626018,0.003720372978211574
665,0.2174914951468867,0.8186666666666668,0.02439024390243903,0.00251882611600212
666,0.22546663594417518,0.845,0.024390243902439025,0.00808605597182277
667,0.1939882550440818,0.765,0.0,0.010953020176327237
668,0.20362954030090422,0.8039999999999999,0.0,0.010518161203616873
669,0.21264840715158712,0.8,0.024390243902439025,0.0018131408014703345
670,0.21604503288761304,0.825,0.01829268292682927,0.00259476569679368
671,0.24445254286021512,0.8593333333333333,0.04065040650406504,0.03717602509939708
672,0.221725629372674,0.8286857142857144,0.027177700348432053,0.0038614025081176212
673,0.20912190360009666,0.821,0.006097560975609756,0.003292492449167134
674,0.20295756477062857,0.783,0.012195121951219513,0.00444001518007521
675,0.21519753472837805,0.8131428571428572,0.020905923344947733,0.005835435080759523
676,0.23703708632975476,0.8188000000000001,0.06341463414634146,0.002519077026336176
677,0.20904734046902945,0.7845,0.024390243902439025,0.0029088740712397165
678,0.21275785947935036,0.8153333333333334,0.016260162601626018,0.003177779380816023
679,0.2155452099572542,0.8416,0.004878048780487805,0.010824742268041237
680,0.2299544074185108,0.8126666666666668,0.052845528455284556,0.0014599060968074797
681,0.21209206413779574,0.8228571428571428,0.010452961672473868,0.004605190349092444
682,0.22539017388213645,0.832,0.032520325203252036,0.004520045122041741
683,0.20336216606709553,0.7946666666666666,0.0,0.01878199760171539
684,0.2115565815807795,0.8346666666666667,0.0040650406504065045,0.0034295783556382163
685,0.23124368716356755,0.8039999999999999,0.05691056910569106,0.007153610442888102
686,0.20867714418753588,0.736,0.04878048780487805,0.0011476011403874682
688,0.212605709381939,0.8131875000000001,0.01524390243902439,0.006747532649707219
689,0.2107493609531808,0.821,0.006097560975609756,0.009802321861503769
690,0.20696761633678207,0.79,0.016260162601626018,0.005350140143876168
691,0.19998095641562552,0.7813333333333333,0.008130081300813009,0.002330329727542741
692,0.2215466214445413,0.8195,0.03048780487804878,0.005710876022067564
693,0.2155410514933028,0.7959999999999999,0.032520325203252036,0.001123555566707126
694,0.22496071209844498,0.836,0.03048780487804878,0.002867238637682341
696,0.25390108158418356,0.82,0.0975609756097561,0.0004823751172221717
697,0.24824356562249975,0.869,0.06097560975609756,0.002023042977803845
698,0.2204708306027073,0.8380000000000001,0.016260162601626018,0.011362997207577073
699,0.2135701560848421,0.8206666666666668,0.008130081300813009,0.017353795071075578
700,0.2123941754302328,0.849,0.0,0.0005767017209312537
701,0.22827836380682692,0.8560000000000001,0.024390243902439025,0.008332967422429503
702,0.20677464408662352,0.806,0.008130081300813009,0.0048384137448681
703,0.21407740895804314,0.83,0.010452961672473868,0.005403712487224855
704,0.21759763821468422,0.8122,0.025203252032520326,0.007784048793696295
705,0.23838331211241334,0.8414999999999999,0.04878048780487805,0.014472272839897252
706,0.22833890715086036,0.844,0.03252032520325203,0.0043149781969374305
708,0.2092010372005934,0.8320000000000001,0.0,0.004804148802373611
709,0.22577281870119373,0.8639999999999999,0.016260162601626018,0.006570949601523025
710,0.21467883242012428,0.8580000000000001,0.0,0.0007153296804970534
711,0.2019206190271579,0.807,0.0,0.0006824761086316291
712,0.24528874047908114,0.8819999999999999,0.04878048780487805,0.0015939863065685188
714,0.22000965691148197,0.874,0.0,0.006038627645927882
715,0.23287626502220443,0.784,0.07317073170731707,0.0011635966741835222
716,0.21103432483203735,0.8224,0.00975609756097561,0.0022251042061981123
717,0.19839330767316185,0.7593333333333333,0.016260162601626018,0.001719572156062046
718,0.19533133806069822,0.7633333333333333,0.008130081300813009,0.0017318563078335253
719,0.22369919450133063,0.794,0.04878048780487805,0.003235802395566414
720,0.2296212190247814,0.8241666666666667,0.044715447154471545,0.00488731512351584
721,0.21084681545445486,0.8119999999999999,0.014634146341463414,0.002118969134892532
722,0.1975651488682376,0.782,0.0,0.008260595472950298
723,0.21234437598255684,0.817,0.012195121951219513,0.00798726002778832
724,0.22058594827672154,0.8646666666666666,0.008130081300813009,0.001416963838593564
725,0.21963112100732238,0.826,0.01829268292682927,0.01593911817563096
726,0.21192426661701497,0.8160000000000001,0.012195121951219513,0.007306822565620893
728,0.23063693274662134,0.914,0.0,0.008547730986485343
729,0.22825549692141434,0.8311999999999999,0.03414634146341463,0.013529304758828123
730,0.22816791390011884,0.9119999999999999,0.0,0.0006716556004754751
731,0.20425032853571867,0.8130000000000001,0.0,0.004001314142874617
732,0.21194329426450342,0.843,0.0,0.004773177058013606
733,0.21917786090755037,0.8510000000000001,0.012195121951219513,0.0013211997277622874
734,0.21680826684910703,0.8420000000000001,0.012195121951219513,0.0008428234939891293
735,0.18774955541825183,0.748,0.0,0.00299822167300738
736,0.2180827521023494,0.8250833333333333,0.013211382113821139,0.02082491084842193
737,0.20965082063361135,0.8380000000000001,0.0,0.0006032825344452843
738,0.18413948572102182,0.6839999999999999,0.024390243902439025,0.003777455079209256
739,0.20585727279285157,0.8220000000000001,0.0,0.0014290911714062583
740,0.21140752122085626,0.8073333333333333,0.016260162601626018,0.005776426346839628
741,0.19112374740856672,0.762,0.0,0.0024949896342668244
742,0.2030911159968929,0.81,0.0,0.002364463987571575
744,0.2121823167652701,0.8280000000000001,0.00975609756097561,0.001217071939129153
745,0.21597672959645742,0.8140000000000001,0.024390243902439025,0.0011264305809515146
746,0.21302135612853715,0.8486666666666666,0.0,0.003418757847482062
747,0.23184337236034488,0.924,0.0,0.003373489441379505
748,0.1956959191525085,0.7653333333333333,0.0,0.01745034327670078
749,0.20703122420375938,0.802,0.012195121951219513,0.0017346529125985216
750,0.21879305593920953,0.8556666666666667,0.008130081300813009,0.0032453944885454202
751,0.23549840088010368,0.8093333333333333,0.056910569105691054,0.018839131975699332
752,0.2167175266886106,0.8305555555555555,0.016260162601626015,0.0037942259956348576
753,0.20664532722723655,0.774,0.024390243902439025,0.0038008211040681974
754,0.22348082946366615,0.8336,0.029268292682926828,0.0017867324888109673
756,0.22556646454105325,0.7813333333333333,0.024390243902439022,0.07215203702600163
757,0.23924135112206005,0.8866666666666667,0.032520325203252036,0.005258087415069466
758,0.24394205053716614,0.78,0.0975609756097561,0.0006462509291523308
759,0.4387904723149898,0.924,0.1951219512195122,0.4409179868209347
760,0.17520112031464155,0.7,0.0,0.0008044812585662356
762,0.20375287057104058,0.8140000000000001,0.0,0.001011482284162226
763,0.22402696804159666,0.748,0.07317073170731707,0.0017664087517524519
764,0.19661365454037932,0.786,0.0,0.0004546181615172548
765,0.22770528225155917,0.859,0.024390243902439025,0.0030406412013586795
766,0.21935510552424234,0.8315999999999999,0.01951219512195122,0.006796031853066908
768,0.22004122411695537,0.8296842105263158,0.024390243902439025,0.0017001981366276098
769,0.22364666877518044,0.7929999999999999,0.04878048780487805,0.00402569949096566
770,0.21728223492107301,0.868,0.0,0.0011289396842920723
771,0.30958373948806184,0.784,0.17073170731707318,0.11287154331810098
772,0.22156382290656826,0.812,0.036585365853658534,0.001084559918955962
773,0.19684172811356204,0.786,0.0,0.001366912454248069
774,0.20665909048140285,0.8240000000000001,0.0,0.0026363619256113587
775,0.23215146923937477,0.7959999999999999,0.06504065040650407,0.0025245761444908977
776,0.22792176974045342,0.8073333333333333,0.048780487804878044,0.006792770018724183
777,0.2522640736027106,0.8560000000000001,0.07317073170731707,0.0067148309962081175
778,0.1925360072011266,0.768,0.0,0.0021440288045063496
779,0.22162816029406687,0.8859999999999999,0.0,0.0005126411762676461
780,0.20666163903809853,0.8026666666666666,0.008130081300813009,0.007719726884101381
781,0.20509853876094206,0.818,0.0,0.002394155043768171
782,0.21244133873208737,0.849,0.0,0.0007653549283494177
783,0.2297619738733495,0.8600000000000001,0.024390243902439025,0.010267407688519912
784,0.20618320991856584,0.8170000000000001,0.003048780487804878,0.0016352786986535523
785,0.2071751746179106,0.818,0.0,0.010700698471642428
786,0.19465576670357138,0.7749999999999999,0.0,0.00362306681428558
787,0.21643262426429916,0.8160000000000001,0.024390243902439025,0.0009500092523185683
788,0.19755359796621874,0.774,0.006097560975609756,0.004019269913655481
789,0.20956408406750743,0.833,0.0,0.005256336270029701
790,0.22640803608427193,0.8286666666666666,0.032520325203252036,0.0119248272639169
791,0.2422343023457286,0.8680000000000001,0.04878048780487805,0.00337623377315824
792,0.21703709628967108,0.843,0.012195121951219513,0.000758141256245315
793,0.20031883254557944,0.8,0.0,0.0012753301823177216
794,0.21187486997094665,0.8466666666666667,0.0,0.0008328132171200302
796,0.20396502936454128,0.7964,0.004878048780487805,0.00970401989718949
797,0.21516761278859375,0.8300000000000001,0.012195121951219513,0.00628020725193593
798,0.24377993740858123,0.8099999999999999,0.07317073170731707,0.018778286219690816
800,0.20902217946540863,0.8342857142857143,0.0,0.0018030035759203143
801,0.20460381179843118,0.8160000000000001,0.0,0.0024152471937247326
803,0.21794883833742631,0.8613333333333334,0.0,0.0104620200163719
804,0.21177256860045351,0.844,0.0,0.0030902744018140816
805,0.21326225771566487,0.8019999999999999,0.024390243902439025,0.0022685430577815135
806,0.22402000063263064,0.8210000000000001,0.036585365853658534,0.0019092708232054424
807,0.2131328452604606,0.852,0.0,0.0005313810418424346
808,0.21140736115077272,0.8315,0.006097560975609756,0.0019343226518713208
809,0.21251406975873366,0.798,0.024390243902439025,0.003275791230056549
811,0.21427501025251752,0.831,0.012195121951219513,0.0017097971076311242
812,0.21444254937444918,0.853,0.0,0.004770197497796694
813,0.20622280053569358,0.8240000000000001,0.0,0.0008912021427742528
814,0.2144509020621744,0.8193333333333332,0.008130081300813009,0.02221011231373828
815,0.2162939963429819,0.8515,0.0,0.013675985371927525
816,0.2149815376863291,0.8353846153846154,0.011257035647279551,0.002027464066141894
817,0.20976738883199633,0.784,0.024390243902439025,0.006289067523107273
819,0.2005657541894185,0.792,0.0,0.010263016757673936
820,0.1990307799025004,0.7939999999999999,0.0,0.002123119610001704
821,0.22763104105833978,0.876,0.0,0.034524164233359154
823,0.21132793665110738,0.819,0.012195121951219513,0.0019215027019906599
824,0.1970682052697443,0.787,0.0,0.0012728210789771642
825,0.23910068792652367,0.8999999999999999,0.024390243902439025,0.007622263901216601
827,0.2510442243998214,0.8446666666666666,0.07317073170731707,0.013168767517984521
828,0.18706902619786925,0.7210000000000001,0.012195121951219513,0.002885860889038041
830,0.19647060062706675,0.7839999999999999,0.0,0.0018824025082669728
832,0.21047937961374444,0.8403333333333333,0.0,0.0015841851216444663
834,0.20065530722402217,0.8,0.0,0.0026212288960886215
835,0.2848238671035056,0.833,0.07317073170731708,0.1599540049993884
836,0.21579876360873013,0.8136000000000001,0.01951219512195122,0.010570664191018037
837,0.19740489714244494,0.78,0.0,0.009619588569779732
839,0.22160887156213635,0.8859999999999999,0.0,0.0004354862485455042
840,0.2051560348639909,0.82,0.0,0.0006241394559636682
845,0.21802519767029757,0.8460000000000001,0.0,0.026100790681190193
846,0.22647563813650423,0.853,0.024390243902439025,0.004122064741138945
847,0.24590060020735288,0.859,0.06097560975609756,0.0026511813172165263
848,0.24203874232266012,0.8176,0.07317073170731707,0.004213505876006386
849,0.252170570821265,0.8286666666666666,0.07317073170731707,0.03367415320375906
850,0.24750860618620962,0.8760000000000001,0.024390243902439025,0.06525393693996029
851,0.21045510820163918,0.816,0.012195121951219513,0.0014301889041177522
853,0.23599498800870441,0.869,0.036585365853658534,0.0018092203275007135
855,0.23320668738767844,0.932,0.0,0.0008267495507136831
856,0.21914759484850485,0.851,0.012195121951219513,0.00120013549158039
859,0.1987497294872961,0.79,0.0,0.004998917949184385
860,0.22414456038252809,0.842,0.02439024390243903,0.005797753725234366
862,0.21202125888803322,0.8293333333333334,0.008130081300813009,0.0024915396171735576
863,0.25030185289631995,0.884,0.04878048780487805,0.019646435975523697
864,0.22108944324494031,0.8614285714285714,0.010452961672473867,0.002023278206242022
866,0.22144084628230826,0.8350000000000001,0.024390243902439025,0.0019828973243549253
867,0.22486787448118745,0.8150000000000001,0.036585365853658534,0.011300766217432624
868,0.20696261592841528,0.826,0.0,0.0018504637136611268
870,0.29027554856865473,0.87,0.07317073170731707,0.14476073085998473
872,0.2092146239951825,0.834,0.0,0.0028584959807300865
873,0.2096283563177654,0.8380000000000001,0.0,0.0005134252710615703
874,0.21629948500653937,0.8640000000000001,0.0,0.0011979400261574024
876,0.20641380132292472,0.82,0.0,0.005655205291698945
878,0.21055706014634348,0.8400000000000001,0.0,0.002228240585373809
880,0.21555318463498788,0.8166153846153846,0.020637898686679177,0.0043215565512085075
881,0.25242273985058133,0.8119999999999999,0.0975609756097561,0.0025690081828132695
882,0.24510478948814218,0.8800000000000001,0.04878048780487805,0.0028581823428125166
884,0.2267317454126056,0.8069999999999999,0.04878048780487805,0.0023660060406662923
885,0.2335335372642772,0.884,0.024390243902439025,0.0013536612522307497
886,0.2407055676429399,0.888,0.036585365853658534,0.0016515388644425557
889,0.2924023705595278,0.874,0.14634146341463414,0.0029265554088427075
890,0.2083308958248597,0.798,0.012195121951219513,0.010933339396999739
891,0.20758886142474692,0.777,0.024390243902439025,0.004574957894109566
893,0.2033340635487029,0.764,0.024390243902439025,0.0005557663899334774
896,0.21467017834463453,0.8288888888888889,0.013550135501355013,0.002691553486939246
897,0.23304563898332664,0.8380000000000001,0.024390243902439025,0.04540206812842845
900,0.21460385335545526,0.858,0.0,0.00041541342182104446
904,0.20381710361655883,0.794,0.0,0.02126841446623531
905,0.2033838144016259,0.8119999999999999,0.0,0.0015352576065035958
906,0.21580609282198315,0.842,0.008130081300813009,0.004964208686306673
908,0.25338855335581484,0.8640000000000001,0.07317073170731707,0.003212750008625043
909,0.22657953065845066,0.8049999999999999,0.04878048780487805,0.003757147024046619
912,0.2186124687301378,0.8449230769230769,0.011257035647279551,0.007012726702915168
914,0.2191544117877675,0.871,0.0,0.005617647151069976
916,0.23016503807755564,0.8156000000000001,0.04878048780487805,0.00749917670046638
919,0.1993104623336543,0.796,0.0,0.001241849334617158
924,0.21562933643625776,0.8619999999999999,0.0,0.0005173457450311913
925,0.23771375984622256,0.8340000000000001,0.04878048780487805,0.01929406377513416
926,0.21541534598966874,0.861,0.0,0.0006613839586750679
927,0.21824440858177602,0.821,0.024390243902439025,0.003197146522225951
928,0.21617889696876263,0.847111111111111,0.005420054200542005,0.006764368362855374
930,0.22470306165685427,0.786,0.04878048780487805,0.015251271017660951
931,0.2146686697675002,0.834,0.0,0.024674679070000847
932,0.22608853684775074,0.898,0.0,0.006354147391002983
933,0.23785632449713323,0.8693333333333332,0.04065040650406504,0.0007911516470695241
936,0.22552149593965115,0.863,0.012195121951219513,0.014695739856165652
937,0.2728788210947356,0.8380000000000001,0.12195121951219512,0.009612845354551983
939,0.22522228613126025,0.8480000000000001,0.024390243902439025,0.00410865672016284
940,0.2341587164299376,0.868,0.024390243902439025,0.019854377914872396
941,0.19869410266623594,0.794,0.0,0.000776410664943749
942,0.20335543017008584,0.8119999999999999,0.0,0.0014217206803433708
943,0.21274326540981497,0.85,0.0,0.00097306163925994
944,0.20754882715100725,0.8280000000000001,0.0,0.0021953086040289926
945,0.21040868980896316,0.84,0.0,0.0016347592358525777
948,0.21902306961790258,0.85,0.012195121951219513,0.0017020345691712746
950,0.20963651090362223,0.8380000000000001,0.0,0.0005460436144888172
953,0.2301911623107587,0.9199999999999999,0.0,0.0007646492430348859
956,0.23018465818707035,0.8430000000000001,0.036585365853658534,0.0045679010409642486
957,0.22010197152794989,0.8800000000000001,0.0,0.0004078861117993721
958,0.21205850601714343,0.842,0.0,0.0062340240685737945
959,0.23310840110526004,0.932,0.0,0.0004336044210400861
960,0.22324066723840566,0.8493333333333334,0.01897018970189702,0.0056889562164951935
962,0.2301165556911168,0.9199999999999999,0.0,0.00046622276446733305
963,0.23945429193983447,0.8640000000000001,0.024390243902439025,0.04503667995445977
965,0.21567724462816654,0.8619999999999999,0.0,0.0007089785126662673
966,0.2146985328018216,0.858,0.0,0.0007941312072864361
969,0.25030164195569615,0.8140000000000001,0.06097560975609756,0.06525534831058935
970,0.2235948927201503,0.892,0.0,0.002379570880601181
972,0.20015271971120221,0.798,0.0,0.002610878844808822
973,0.21281976483428938,0.826,0.0,0.025279059337157624
976,0.2338955169781767,0.886,0.024390243902439025,0.0008015801078287161
977,0.21151201388130822,0.82,0.012195121951219513,0.0016578116227939491
982,0.20211518352522748,0.808,0.0,0.0004607341009098636
983,0.21456260522647758,0.806,0.024390243902439025,0.0034699331010321823
984,0.2678162785958415,0.865,0.0975609756097561,0.011143163163853859
985,0.23669842455849155,0.8560000000000001,0.024390243902439025,0.04201321042908804
990,0.20426076326923617,0.8099999999999999,0.0,0.0070430530769447905
991,0.21167132471247246,0.8460000000000001,0.0,0.0006852988498897563
992,0.20703300725444504,0.8253333333333334,0.0,0.0027986956844468004
993,0.2640285127083407,0.8880000000000001,0.07317073170731707,0.021772587418728576
994,0.30574465306635756,0.9119999999999999,0.12195121951219512,0.06707617324104015
999,0.22714635129328595,0.908,0.0,0.0005854051731438124
1000,0.2034047999146905,0.813,0.0,0.0006191996587619457
1003,0.2206118291676991,0.8800000000000001,0.0,0.0024473166707962325
1006,0.2188631142990663,0.874,0.0,0.0014524571962651997
1007,0.25520726989361325,0.886,0.04878048780487805,0.037268103964696916
1008,0.22191819146011377,0.8734999999999999,0.006097560975609756,0.0019776438892356333
1009,0.2252132972685427,0.8220000000000001,0.024390243902439025,0.03007270126929265
1011,0.23596082811578806,0.826,0.04878048780487805,0.020282336853396227
1015,0.23502257009214605,0.834,0.04878048780487805,0.008529304758828123
1017,0.20380380066428513,0.8,0.0,0.015215202657140438
1021,0.21710887156213637,0.868,0.0,0.0004354862485455042
1023,0.2215069572157337,0.796,0.036585365853658534,0.01685709715561773
1024,0.21617933539302925,0.8325,0.01524390243902439,0.001729536694068166
1027,0.22310922440479364,0.892,0.0,0.00043689761917456774
1028,0.2098034619353341,0.836,0.0,0.0032138477413365366
1030,0.21226014069796983,0.8460000000000001,0.0,0.003040562791879287
1032,0.2165775336455076,0.863,0.0,0.003310134582030429
1035,0.22086366316542205,0.882,0.0,0.0014546526616881874
1036,0.21575673223790065,0.8620000000000001,0.0,0.001026928951602533
1037,0.28152044127478054,0.86,0.04878048780487805,0.1685207894893661
1040,0.21824039468195547,0.8712,0.0,0.001761578727821879
1041,0.19823026664807278,0.742,0.024390243902439025,0.0021405787874130833
1042,0.23396284641403617,0.882,0.024390243902439025,0.005070897851266627
1044,0.2127177336768867,0.794,0.024390243902439025,0.008090446902668745
1047,0.21410299085118198,0.8560000000000001,0.0,0.000411963404727778
1048,0.21215246723267858,0.8480000000000001,0.0,0.0006098689307142476
1049,0.20439693858028662,0.808,0.0,0.009587754321146408
1056,0.22694210449308758,0.8573333333333334,0.024390243902439022,0.0016545968341388601
1059,0.22446820025153758,0.8939999999999999,0.0,0.0038728010061504395
1061,0.25573309405565114,0.828,0.04878048780487805,0.09737140061284849
1064,0.21722491759163715,0.868,0.0,0.0008996703665486343
1068,0.22667024422984638,0.9039999999999999,0.0,0.002680976919385646
1072,0.21936746171265123,0.8765000000000001,0.0,0.0009698468506048508
1074,0.24216984422675594,0.782,0.07317073170731707,0.04033791349238958
1075,0.2041397256922773,0.8160000000000001,0.0,0.0005589027691091743
1076,0.20528876015794803,0.818,0.0,0.003155040631792221
1077,0.21976282857492338,0.8779999999999999,0.0,0.0010513142996935758
1080,0.21182835694504124,0.8440000000000001,0.0,0.003313427780164911
1083,0.2224222303037109,0.836,0.024390243902439025,0.004908433409965531
1085,0.24333960859058845,0.826,0.07317073170731707,0.0010169709477196955
1087,0.25662926498801025,0.887,0.06097560975609756,0.017565840439845815
1088,0.2272414089716815,0.8804000000000001,0.00975609756097561,0.009053440764774698
1096,0.21821861137857457,0.8713333333333333,0.0,0.0015411121809648966
1098,0.21842164697543276,0.8720000000000001,0.0,0.0016865879017309677
1099,0.20576812121478238,0.8220000000000001,0.0,0.0010724848591295293
1104,0.21809251220835593,0.871,0.0,0.0013700488334237656
1105,0.22691933385754215,0.858,0.024390243902439025,0.0008968476252905071
1110,0.22738883829458797,0.8273333333333334,0.04065040650406504,0.0009212068368884192
1116,0.2922388021892539,0.8480000000000001,0.0975609756097561,0.12583325753750324
1120,0.24741962079798818,0.886,0.048780487804878044,0.006117507582196657
1128,0.2629472428128915,0.8540000000000001,0.0975609756097561,0.0026670200320537954
1136,0.2211557876000164,0.8633333333333333,0.008130081300813009,0.005029654465106214
1137,0.24263084338995466,0.847,0.04878048780487805,0.025962397950062572
1139,0.20874030309968356,0.8320000000000001,0.0,0.002961212398734157
1144,0.22704839586062206,0.858,0.024390243902439025,0.0014130956376102045
1148,0.226825612575014,0.8560000000000001,0.024390243902439025,0.002521962495177817
1149,0.2509913121531863,0.8880000000000001,0.04878048780487805,0.01840427300298897
1150,0.21474255972450043,0.8579999999999999,0.0,0.0009702388980018129
1152,0.2137957380788841,0.846,0.0,0.009182952315536471
1153,0.25953585265795515,0.892,0.04878048780487805,0.04858243502206443
1155,0.24356079083112445,0.8960000000000001,0.024390243902439025,0.02946267551961962
1160,0.23934115478727355,0.76,0.0975609756097561,0.002242667929582015
1165,0.21263427152889078,0.8460000000000001,0.0,0.004537086115563027
1167,0.268014282917772,0.874,0.0975609756097561,0.002935180451575874
1168,0.22276142967331397,0.738,0.04878048780487805,0.05548474308349982
1171,0.20561114543703876,0.8220000000000001,0.0,0.00044458174815502496
1173,0.19982759480490153,0.798,0.0,0.0013103792196061336
1174,0.2111836522508225,0.842,0.0,0.0027346090032900616
1177,0.313590435734099,0.906,0.12195121951219512,0.10445930391200575
1181,0.22561424261147472,0.9019999999999999,0.0,0.0004569704458990274
1182,0.20553337185852422,0.821,0.0,0.0011334874340968326
1184,0.213310756369202,0.852,0.0,0.001243025476808044
1186,0.19690282870037856,0.786,0.0,0.0016113148015142438
1190,0.22566583604891494,0.9019999999999999,0.0,0.0006633441956598784
1200,0.2155463515023779,0.8606666666666666,0.0,0.001518739342844926
1204,0.21950209510128937,0.876,0.0,0.002008380405157462
1205,0.18364435185156144,0.734,0.0,0.0005774074062457855
1207,0.22168824230349765,0.8220000000000001,0.024390243902439025,0.015972481409112435
1214,0.19810628404931643,0.792,0.0,0.00042513619726570464
1216,0.21623786495692182,0.864,0.0,0.0009514598276873282
1223,0.20773741919903146,0.826,0.0,0.004949676796125945
1231,0.1912567518402705,0.764,0.0,0.0010270073610819253
1232,0.22372274511357862,0.8753333333333333,0.008130081300813009,0.003297484519355119
1236,0.19401554232700516,0.774,0.0,0.0020621693080206623
1240,0.21026092479276376,0.8380000000000001,0.0,0.003043699171054984
1243,0.2832554124533683,0.9179999999999999,0.0975609756097561,0.019899698593961214
1245,0.20113576601356797,0.8039999999999999,0.0,0.0005430640542719052
1246,0.2596368981317048,0.89,0.07317073170731707,0.002206129112185147
1248,0.21833766570887256,0.856,0.006097560975609756,0.005155540884270744
1250,0.21977878490397973,0.8779999999999999,0.0,0.0011151396159190061
1256,0.22664842914448985,0.906,0.0,0.000593716577959409
1258,0.25406129418173357,0.893,0.04878048780487805,0.02568420111717826
1264,0.20682042661029548,0.823,0.0,0.004281706441181913
1270,0.22454576918131097,0.8960000000000001,0.0,0.002183076725243775
1272,0.2342531842089581,0.9359999999999999,0.0,0.0010127368358325047
1273,0.2163689730553665,0.862,0.0,0.0034758922214660065
1275,0.2506147694466792,0.9039999999999999,0.04878048780487805,0.0008981021769607859
1276,0.24176335862300408,0.85,0.0,0.11705343449201634
1280,0.2286033389510219,0.8619999999999999,0.024390243902439025,0.0036328679992096323
1281,0.2236621312010137,0.894,0.0,0.000648524804054711
1288,0.20568202760640952,0.8220000000000001,0.0,0.0007281104256380179
1291,0.20907706554091565,0.8350000000000001,0.0,0.0013082621636625383
1305,0.21806000050182064,0.8699999999999999,0.0,0.0022400020072826723
1310,0.21851846072782813,0.8699999999999999,0.0,0.004073842911312606
1312,0.20858828240899013,0.8325,0.0,0.001853129635960469
1313,0.22315646611612758,0.892,0.0,0.0006258644645103015
1322,0.20613823591216884,0.8240000000000001,0.0,0.0005529436486753503
1327,0.2098195970380035,0.8380000000000001,0.0,0.0012783881520140258
1328,0.22905087442251418,0.913,0.0,0.0032034976900567375
1344,0.21719506513303333,0.8534999999999999,0.006097560975609756,0.003085138580913878
1376,0.2005268332920377,0.8,0.0,0.002107333168150697
1381,0.2320980902587199,0.9279999999999999,0.0,0.0003923610348796728
1390,0.21048445296842608,0.8400000000000001,0.0,0.0019378118737042834
1392,0.22192758414121233,0.884,0.0,0.0037103365648493442
1400,0.217644665489479,0.8699999999999999,0.0,0.0005786619579160642
1408,0.215095824989736,0.835,0.012195121951219513,0.0009930560565050072
1424,0.21310465470033466,0.85,0.0,0.0024186188013386066
1443,0.218700913313616,0.8480000000000001,0.0,0.026803653254463853
1456,0.24236797098221988,0.9640000000000001,0.0,0.005471883928879466
1468,0.2389470124420162,0.954,0.0,0.00178804976806476
1472,0.20516440272363165,0.818,0.0,0.002657610894526705
1474,0.23204233163323734,0.8240000000000001,0.04878048780487805,0.00660835092319321
1500,0.2321468766240484,0.9086666666666666,0.008130081300813009,0.003660677227900811
1503,0.2301416075197827,0.9199999999999999,0.0,0.0005664300791308466
1504,0.22709765900658327,0.908,0.0,0.00039063602633303957
1520,0.2298300673171517,0.9146666666666666,0.0,0.004653602601940164
1531,0.2258035356402448,0.8960000000000001,0.0,0.007214142560979052
1534,0.1688063066312465,0.674,0.0,0.0012252265249859647
1536,0.22132473285890372,0.884,0.0,0.0012989314356148401
1552,0.2302707871370817,0.9199999999999999,0.0,0.0010831485483268986
1553,0.2270973453686657,0.908,0.0,0.0003893814746627608
1556,0.2105305702878255,0.8340000000000001,0.0,0.008122281151302067
1585,0.21110114822841622,0.844,0.0,0.00040459291366489044
1614,0.23686117437204907,0.834,0.04878048780487805,0.015883721878440216
1616,0.22323663980880634,0.892,0.0,0.0009465592352253018
1624,0.219108793152657,0.876,0.0,0.0004351726106279345
1635,0.2140634505189139,0.8539999999999999,0.0,0.0022538020756557387
1680,0.22067001762645097,0.879,0.0,0.00368007050580387
1690,0.19121461929061376,0.758,0.0,0.006858477162455032
1696,0.2261126352171472,0.9039999999999999,0.0,0.00045054086858884894
1728,0.23431824525857875,0.9199999999999999,0.0,0.017272981034315123
1744,0.22694362985707517,0.905,0.0,0.002774519428300804
1755,0.21231089358579097,0.8480000000000001,0.0,0.0012435743431637911
1760,0.22669684699801468,0.906,0.0,0.000787387992058688
1774,0.23611065294901115,0.8460000000000001,0.04878048780487805,0.0008816361862883775
1796,0.24302831205657052,0.8960000000000001,0.024390243902439025,0.027332760421403906
1822,0.20739522298087748,0.828,0.0,0.0015808919235099847
1844,0.2287099805858129,0.914,0.0,0.0008399223432516098
1848,0.21787762005275388,0.8699999999999999,0.0,0.0015104802110155909
1859,0.20997718127330722,0.8220000000000001,0.0,0.01790872509322887
1861,0.22563596203726644,0.9019999999999999,0.0,0.0005438481490658294
1877,0.2241956316510841,0.8960000000000001,0.0,0.0007825266043363578
1900,0.2286075386009867,0.914,0.0,0.00043015440394681954
1952,0.22037971515404328,0.8780000000000001,0.0,0.0035188606161730526
